image,split,video,frame,boxes
GreecePro_MenRd3__Aaron_Davis_Rd3_6at12_f00000,val,data/videos/drive_extra/GreecePro_MenRd3__Aaron_Davis_Rd3_6at12.mp4,0,0
GreecePro_MenRd3__Aaron_Davis_Rd3_6at12_f00006,val,data/videos/drive_extra/GreecePro_MenRd3__Aaron_Davis_Rd3_6at12.mp4,6,0
GreecePro_MenRd3__Aaron_Davis_Rd3_6at12_f00012,val,data/videos/drive_extra/GreecePro_MenRd3__Aaron_Davis_Rd3_6at12.mp4,12,0
GreecePro_MenRd3__Aaron_Davis_Rd3_6at12_f00018,val,data/videos/drive_extra/GreecePro_MenRd3__Aaron_Davis_Rd3_6at12.mp4,18,0
GreecePro_MenRd3__Aaron_Davis_Rd3_6at12_f00024,val,data/videos/drive_extra/GreecePro_MenRd3__Aaron_Davis_Rd3_6at12.mp4,24,0
GreecePro_MenRd3__Aaron_Davis_Rd3_6at12_f00030,val,data/videos/drive_extra/GreecePro_MenRd3__Aaron_Davis_Rd3_6at12.mp4,30,0
GreecePro_MenRd3__Aaron_Davis_Rd3_6at12_f00036,val,data/videos/drive_extra/GreecePro_MenRd3__Aaron_Davis_Rd3_6at12.mp4,36,0
GreecePro_MenRd3__Aaron_Davis_Rd3_6at12_f00042,val,data/videos/drive_extra/GreecePro_MenRd3__Aaron_Davis_Rd3_6at12.mp4,42,0
GreecePro_MenRd3__Aaron_Davis_Rd3_6at12_f00048,val,data/videos/drive_extra/GreecePro_MenRd3__Aaron_Davis_Rd3_6at12.mp4,48,0
GreecePro_MenRd3__Aaron_Davis_Rd3_6at12_f00054,val,data/videos/drive_extra/GreecePro_MenRd3__Aaron_Davis_Rd3_6at12.mp4,54,0
GreecePro_MenRd3__Aaron_Davis_Rd3_6at12_f00060,val,data/videos/drive_extra/GreecePro_MenRd3__Aaron_Davis_Rd3_6at12.mp4,60,0
GreecePro_MenRd3__Aaron_Davis_Rd3_6at12_f00066,val,data/videos/drive_extra/GreecePro_MenRd3__Aaron_Davis_Rd3_6at12.mp4,66,0
GreecePro_MenRd3__Aaron_Davis_Rd3_6at12_f00072,val,data/videos/drive_extra/GreecePro_MenRd3__Aaron_Davis_Rd3_6at12.mp4,72,2
GreecePro_MenRd3__Aaron_Davis_Rd3_6at12_f00078,val,data/videos/drive_extra/GreecePro_MenRd3__Aaron_Davis_Rd3_6at12.mp4,78,0
GreecePro_MenRd3__Aaron_Davis_Rd3_6at12_f00084,val,data/videos/drive_extra/GreecePro_MenRd3__Aaron_Davis_Rd3_6at12.mp4,84,0
GreecePro_MenRd3__Aaron_Davis_Rd3_6at12_f00090,val,data/videos/drive_extra/GreecePro_MenRd3__Aaron_Davis_Rd3_6at12.mp4,90,0
GreecePro_MenRd3__Aaron_Davis_Rd3_6at12_f00096,val,data/videos/drive_extra/GreecePro_MenRd3__Aaron_Davis_Rd3_6at12.mp4,96,0
GreecePro_MenRd3__Aaron_Davis_Rd3_6at12_f00102,val,data/videos/drive_extra/GreecePro_MenRd3__Aaron_Davis_Rd3_6at12.mp4,102,0
GreecePro_MenRd3__Aaron_Davis_Rd3_6at12_f00108,val,data/videos/drive_extra/GreecePro_MenRd3__Aaron_Davis_Rd3_6at12.mp4,108,0
GreecePro_MenRd3__Aaron_Davis_Rd3_6at12_f00114,val,data/videos/drive_extra/GreecePro_MenRd3__Aaron_Davis_Rd3_6at12.mp4,114,1
GreecePro_MenRd3__Aaron_Davis_Rd3_6at12_f00120,val,data/videos/drive_extra/GreecePro_MenRd3__Aaron_Davis_Rd3_6at12.mp4,120,0
GreecePro_MenRd3__Aaron_Davis_Rd3_6at12_f00126,val,data/videos/drive_extra/GreecePro_MenRd3__Aaron_Davis_Rd3_6at12.mp4,126,0
GreecePro_MenRd3__Aaron_Davis_Rd3_6at12_f00132,val,data/videos/drive_extra/GreecePro_MenRd3__Aaron_Davis_Rd3_6at12.mp4,132,0
GreecePro_MenRd3__Aaron_Davis_Rd3_6at12_f00138,val,data/videos/drive_extra/GreecePro_MenRd3__Aaron_Davis_Rd3_6at12.mp4,138,0
GreecePro_MenRd3__Aaron_Davis_Rd3_6at12_f00144,val,data/videos/drive_extra/GreecePro_MenRd3__Aaron_Davis_Rd3_6at12.mp4,144,0
GreecePro_MenRd3__Aaron_Davis_Rd3_6at12_f00150,val,data/videos/drive_extra/GreecePro_MenRd3__Aaron_Davis_Rd3_6at12.mp4,150,0
GreecePro_MenRd3__Aaron_Davis_Rd3_6at12_f00156,val,data/videos/drive_extra/GreecePro_MenRd3__Aaron_Davis_Rd3_6at12.mp4,156,0
GreecePro_MenRd3__Aaron_Davis_Rd3_6at12_f00162,val,data/videos/drive_extra/GreecePro_MenRd3__Aaron_Davis_Rd3_6at12.mp4,162,0
GreecePro_MenRd3__Aaron_Davis_Rd3_6at12_f00168,val,data/videos/drive_extra/GreecePro_MenRd3__Aaron_Davis_Rd3_6at12.mp4,168,0
GreecePro_MenRd3__Aaron_Davis_Rd3_6at12_f00174,val,data/videos/drive_extra/GreecePro_MenRd3__Aaron_Davis_Rd3_6at12.mp4,174,0
GreecePro_MenRd3__Aaron_Davis_Rd3_6at12_f00180,val,data/videos/drive_extra/GreecePro_MenRd3__Aaron_Davis_Rd3_6at12.mp4,180,0
GreecePro_MenRd3__Aaron_Davis_Rd3_6at12_f00186,val,data/videos/drive_extra/GreecePro_MenRd3__Aaron_Davis_Rd3_6at12.mp4,186,1
GreecePro_MenRd3__Aaron_Davis_Rd3_6at12_f00192,val,data/videos/drive_extra/GreecePro_MenRd3__Aaron_Davis_Rd3_6at12.mp4,192,0
GreecePro_MenRd3__Aaron_Davis_Rd3_6at12_f00198,val,data/videos/drive_extra/GreecePro_MenRd3__Aaron_Davis_Rd3_6at12.mp4,198,0
GreecePro_MenRd3__Aaron_Davis_Rd3_6at12_f00204,val,data/videos/drive_extra/GreecePro_MenRd3__Aaron_Davis_Rd3_6at12.mp4,204,0
GreecePro_MenRd3__Aaron_Davis_Rd3_6at12_f00210,val,data/videos/drive_extra/GreecePro_MenRd3__Aaron_Davis_Rd3_6at12.mp4,210,0
GreecePro_MenRd3__Aaron_Davis_Rd3_6at12_f00216,val,data/videos/drive_extra/GreecePro_MenRd3__Aaron_Davis_Rd3_6at12.mp4,216,0
GreecePro_MenRd3__Aaron_Davis_Rd3_6at12_f00222,val,data/videos/drive_extra/GreecePro_MenRd3__Aaron_Davis_Rd3_6at12.mp4,222,0
GreecePro_MenRd3__Aaron_Davis_Rd3_6at12_f00228,val,data/videos/drive_extra/GreecePro_MenRd3__Aaron_Davis_Rd3_6at12.mp4,228,0
GreecePro_MenRd3__Aaron_Davis_Rd3_6at12_f00234,val,data/videos/drive_extra/GreecePro_MenRd3__Aaron_Davis_Rd3_6at12.mp4,234,0
GreecePro_MenRd3__Aaron_Davis_Rd3_6at12_f00240,val,data/videos/drive_extra/GreecePro_MenRd3__Aaron_Davis_Rd3_6at12.mp4,240,0
GreecePro_MenRd3__Aaron_Davis_Rd3_6at12_f00246,val,data/videos/drive_extra/GreecePro_MenRd3__Aaron_Davis_Rd3_6at12.mp4,246,0
GreecePro_MenRd3__Aaron_Davis_Rd3_6at12_f00252,val,data/videos/drive_extra/GreecePro_MenRd3__Aaron_Davis_Rd3_6at12.mp4,252,0
GreecePro_MenRd3__Aaron_Davis_Rd3_6at12_f00258,val,data/videos/drive_extra/GreecePro_MenRd3__Aaron_Davis_Rd3_6at12.mp4,258,0
GreecePro_MenRd3__Aaron_Davis_Rd3_6at12_f00264,val,data/videos/drive_extra/GreecePro_MenRd3__Aaron_Davis_Rd3_6at12.mp4,264,1
GreecePro_MenRd3__Aaron_Davis_Rd3_6at12_f00270,val,data/videos/drive_extra/GreecePro_MenRd3__Aaron_Davis_Rd3_6at12.mp4,270,0
GreecePro_MenRd3__Aaron_Davis_Rd3_6at12_f00276,val,data/videos/drive_extra/GreecePro_MenRd3__Aaron_Davis_Rd3_6at12.mp4,276,0
GreecePro_MenRd3__Aaron_Davis_Rd3_6at12_f00282,val,data/videos/drive_extra/GreecePro_MenRd3__Aaron_Davis_Rd3_6at12.mp4,282,0
GreecePro_MenRd3__Aaron_Davis_Rd3_6at12_f00288,val,data/videos/drive_extra/GreecePro_MenRd3__Aaron_Davis_Rd3_6at12.mp4,288,0
GreecePro_MenRd3__Aaron_Davis_Rd3_6at12_f00294,val,data/videos/drive_extra/GreecePro_MenRd3__Aaron_Davis_Rd3_6at12.mp4,294,0
GreecePro_MenRd3__Aaron_Davis_Rd3_6at12_f00300,val,data/videos/drive_extra/GreecePro_MenRd3__Aaron_Davis_Rd3_6at12.mp4,300,0
GreecePro_MenRd3__Aaron_Davis_Rd3_6at12_f00306,val,data/videos/drive_extra/GreecePro_MenRd3__Aaron_Davis_Rd3_6at12.mp4,306,0
GreecePro_MenRd3__Aaron_Davis_Rd3_6at12_f00312,val,data/videos/drive_extra/GreecePro_MenRd3__Aaron_Davis_Rd3_6at12.mp4,312,0
GreecePro_MenRd3__Aaron_Davis_Rd3_6at12_f00318,val,data/videos/drive_extra/GreecePro_MenRd3__Aaron_Davis_Rd3_6at12.mp4,318,0
GreecePro_MenRd3__Aaron_Davis_Rd3_6at12_f00324,val,data/videos/drive_extra/GreecePro_MenRd3__Aaron_Davis_Rd3_6at12.mp4,324,0
GreecePro_MenRd3__Aaron_Davis_Rd3_6at12_f00330,val,data/videos/drive_extra/GreecePro_MenRd3__Aaron_Davis_Rd3_6at12.mp4,330,0
GreecePro_MenRd3__Aaron_Davis_Rd3_6at12_f00336,val,data/videos/drive_extra/GreecePro_MenRd3__Aaron_Davis_Rd3_6at12.mp4,336,0
GreecePro_MenRd3__Aaron_Davis_Rd3_6at12_f00342,val,data/videos/drive_extra/GreecePro_MenRd3__Aaron_Davis_Rd3_6at12.mp4,342,0
GreecePro_MenRd3__Aaron_Davis_Rd3_6at12_f00348,val,data/videos/drive_extra/GreecePro_MenRd3__Aaron_Davis_Rd3_6at12.mp4,348,0
GreecePro_MenRd3__Aaron_Davis_Rd3_6at12_f00354,val,data/videos/drive_extra/GreecePro_MenRd3__Aaron_Davis_Rd3_6at12.mp4,354,0
GreecePro_MenRd3__Aaron_Davis_Rd3_6at12_f00360,val,data/videos/drive_extra/GreecePro_MenRd3__Aaron_Davis_Rd3_6at12.mp4,360,0
GreecePro_MenRd3__Aaron_Davis_Rd3_6at12_f00366,val,data/videos/drive_extra/GreecePro_MenRd3__Aaron_Davis_Rd3_6at12.mp4,366,1
GreecePro_MenRd3__Aaron_Davis_Rd3_6at12_f00372,val,data/videos/drive_extra/GreecePro_MenRd3__Aaron_Davis_Rd3_6at12.mp4,372,0
GreecePro_MenRd3__Aaron_Davis_Rd3_6at12_f00378,val,data/videos/drive_extra/GreecePro_MenRd3__Aaron_Davis_Rd3_6at12.mp4,378,0
GreecePro_MenRd3__Aaron_Davis_Rd3_6at12_f00384,val,data/videos/drive_extra/GreecePro_MenRd3__Aaron_Davis_Rd3_6at12.mp4,384,0
GreecePro_MenRd3__Aaron_Davis_Rd3_6at12_f00390,val,data/videos/drive_extra/GreecePro_MenRd3__Aaron_Davis_Rd3_6at12.mp4,390,0
GreecePro_MenRd3__Aaron_Davis_Rd3_6at12_f00396,val,data/videos/drive_extra/GreecePro_MenRd3__Aaron_Davis_Rd3_6at12.mp4,396,0
GreecePro_MenRd3__Aaron_Davis_Rd3_6at12_f00402,val,data/videos/drive_extra/GreecePro_MenRd3__Aaron_Davis_Rd3_6at12.mp4,402,0
GreecePro_MenRd3__Aaron_Davis_Rd3_6at12_f00408,val,data/videos/drive_extra/GreecePro_MenRd3__Aaron_Davis_Rd3_6at12.mp4,408,0
GreecePro_MenRd3__Aaron_Davis_Rd3_6at12_f00414,val,data/videos/drive_extra/GreecePro_MenRd3__Aaron_Davis_Rd3_6at12.mp4,414,0
GreecePro_MenRd3__Aaron_Davis_Rd3_6at12_f00420,val,data/videos/drive_extra/GreecePro_MenRd3__Aaron_Davis_Rd3_6at12.mp4,420,0
GreecePro_MenRd3__Aaron_Davis_Rd3_6at12_f00426,val,data/videos/drive_extra/GreecePro_MenRd3__Aaron_Davis_Rd3_6at12.mp4,426,0
GreecePro_MenRd3__Aaron_Davis_Rd3_6at12_f00432,val,data/videos/drive_extra/GreecePro_MenRd3__Aaron_Davis_Rd3_6at12.mp4,432,0
GreecePro_MenRd3__Aaron_Davis_Rd3_6at12_f00438,val,data/videos/drive_extra/GreecePro_MenRd3__Aaron_Davis_Rd3_6at12.mp4,438,0
GreecePro_MenRd3__Aaron_Davis_Rd3_6at12_f00444,val,data/videos/drive_extra/GreecePro_MenRd3__Aaron_Davis_Rd3_6at12.mp4,444,0
GreecePro_MenRd3__Aaron_Davis_Rd3_6at12_f00450,val,data/videos/drive_extra/GreecePro_MenRd3__Aaron_Davis_Rd3_6at12.mp4,450,0
GreecePro_MenRd3__Aaron_Davis_Rd3_6at12_f00456,val,data/videos/drive_extra/GreecePro_MenRd3__Aaron_Davis_Rd3_6at12.mp4,456,0
GreecePro_MenRd3__Aaron_Davis_Rd3_6at12_f00462,val,data/videos/drive_extra/GreecePro_MenRd3__Aaron_Davis_Rd3_6at12.mp4,462,0
GreecePro_MenRd3__Aaron_Davis_Rd3_6at12_f00468,val,data/videos/drive_extra/GreecePro_MenRd3__Aaron_Davis_Rd3_6at12.mp4,468,0
GreecePro_MenRd3__Aaron_Davis_Rd3_6at12_f00474,val,data/videos/drive_extra/GreecePro_MenRd3__Aaron_Davis_Rd3_6at12.mp4,474,0
GreecePro_MenRd3__Aaron_Davis_Rd3_6at12_f00480,val,data/videos/drive_extra/GreecePro_MenRd3__Aaron_Davis_Rd3_6at12.mp4,480,0
GreecePro_MenRd3__Aaron_Davis_Rd3_6at12_f00486,val,data/videos/drive_extra/GreecePro_MenRd3__Aaron_Davis_Rd3_6at12.mp4,486,0
GreecePro_MenRd3__Aaron_Davis_Rd3_6at12_f00492,val,data/videos/drive_extra/GreecePro_MenRd3__Aaron_Davis_Rd3_6at12.mp4,492,1
GreecePro_MenRd3__Aaron_Davis_Rd3_6at12_f00498,val,data/videos/drive_extra/GreecePro_MenRd3__Aaron_Davis_Rd3_6at12.mp4,498,0
GreecePro_MenRd3__Aaron_Davis_Rd3_6at12_f00504,val,data/videos/drive_extra/GreecePro_MenRd3__Aaron_Davis_Rd3_6at12.mp4,504,0
GreecePro_MenRd3__Aaron_Davis_Rd3_6at12_f00510,val,data/videos/drive_extra/GreecePro_MenRd3__Aaron_Davis_Rd3_6at12.mp4,510,0
GreecePro_MenRd3__Aaron_Davis_Rd3_6at12_f00516,val,data/videos/drive_extra/GreecePro_MenRd3__Aaron_Davis_Rd3_6at12.mp4,516,0
GreecePro_MenRd3__Aaron_Davis_Rd3_6at12_f00522,val,data/videos/drive_extra/GreecePro_MenRd3__Aaron_Davis_Rd3_6at12.mp4,522,0
GreecePro_MenRd3__Aaron_Davis_Rd3_6at12_f00528,val,data/videos/drive_extra/GreecePro_MenRd3__Aaron_Davis_Rd3_6at12.mp4,528,0
GreecePro_MenRd3__Aaron_Davis_Rd3_6at12_f00534,val,data/videos/drive_extra/GreecePro_MenRd3__Aaron_Davis_Rd3_6at12.mp4,534,0
GreecePro_MenRd3__Aaron_Davis_Rd3_6at12_f00540,val,data/videos/drive_extra/GreecePro_MenRd3__Aaron_Davis_Rd3_6at12.mp4,540,0
GreecePro_MenRd3__Aaron_Davis_Rd3_6at12_f00546,val,data/videos/drive_extra/GreecePro_MenRd3__Aaron_Davis_Rd3_6at12.mp4,546,0
GreecePro_MenRd3__Aaron_Davis_Rd3_6at12_f00552,val,data/videos/drive_extra/GreecePro_MenRd3__Aaron_Davis_Rd3_6at12.mp4,552,0
GreecePro_MenRd3__Aaron_Davis_Rd3_6at12_f00558,val,data/videos/drive_extra/GreecePro_MenRd3__Aaron_Davis_Rd3_6at12.mp4,558,0
GreecePro_MenRd3__Aaron_Davis_Rd3_6at12_f00564,val,data/videos/drive_extra/GreecePro_MenRd3__Aaron_Davis_Rd3_6at12.mp4,564,0
GreecePro_MenRd3__Aaron_Davis_Rd3_6at12_f00570,val,data/videos/drive_extra/GreecePro_MenRd3__Aaron_Davis_Rd3_6at12.mp4,570,0
GreecePro_MenRd3__Aaron_Davis_Rd3_6at12_f00576,val,data/videos/drive_extra/GreecePro_MenRd3__Aaron_Davis_Rd3_6at12.mp4,576,0
GreecePro_MenRd3__Aaron_Davis_Rd3_6at12_f00582,val,data/videos/drive_extra/GreecePro_MenRd3__Aaron_Davis_Rd3_6at12.mp4,582,0
GreecePro_MenRd3__Aaron_Davis_Rd3_6at12_f00588,val,data/videos/drive_extra/GreecePro_MenRd3__Aaron_Davis_Rd3_6at12.mp4,588,0
GreecePro_MenRd3__Aaron_Davis_Rd3_6at12_f00594,val,data/videos/drive_extra/GreecePro_MenRd3__Aaron_Davis_Rd3_6at12.mp4,594,0
GreecePro_WomenRd3__Allie_Nicholson_Rd3_6at12m_f00000,train,data/videos/drive_extra/GreecePro_WomenRd3__Allie_Nicholson_Rd3_6at12m.mp4,0,0
GreecePro_WomenRd3__Allie_Nicholson_Rd3_6at12m_f00012,train,data/videos/drive_extra/GreecePro_WomenRd3__Allie_Nicholson_Rd3_6at12m.mp4,12,0
GreecePro_WomenRd3__Allie_Nicholson_Rd3_6at12m_f00024,train,data/videos/drive_extra/GreecePro_WomenRd3__Allie_Nicholson_Rd3_6at12m.mp4,24,0
GreecePro_WomenRd3__Allie_Nicholson_Rd3_6at12m_f00036,train,data/videos/drive_extra/GreecePro_WomenRd3__Allie_Nicholson_Rd3_6at12m.mp4,36,0
GreecePro_WomenRd3__Allie_Nicholson_Rd3_6at12m_f00048,train,data/videos/drive_extra/GreecePro_WomenRd3__Allie_Nicholson_Rd3_6at12m.mp4,48,0
GreecePro_WomenRd3__Allie_Nicholson_Rd3_6at12m_f00060,train,data/videos/drive_extra/GreecePro_WomenRd3__Allie_Nicholson_Rd3_6at12m.mp4,60,0
GreecePro_WomenRd3__Allie_Nicholson_Rd3_6at12m_f00072,train,data/videos/drive_extra/GreecePro_WomenRd3__Allie_Nicholson_Rd3_6at12m.mp4,72,0
GreecePro_WomenRd3__Allie_Nicholson_Rd3_6at12m_f00084,train,data/videos/drive_extra/GreecePro_WomenRd3__Allie_Nicholson_Rd3_6at12m.mp4,84,0
GreecePro_WomenRd3__Allie_Nicholson_Rd3_6at12m_f00096,train,data/videos/drive_extra/GreecePro_WomenRd3__Allie_Nicholson_Rd3_6at12m.mp4,96,0
GreecePro_WomenRd3__Allie_Nicholson_Rd3_6at12m_f00108,train,data/videos/drive_extra/GreecePro_WomenRd3__Allie_Nicholson_Rd3_6at12m.mp4,108,0
GreecePro_WomenRd3__Allie_Nicholson_Rd3_6at12m_f00120,train,data/videos/drive_extra/GreecePro_WomenRd3__Allie_Nicholson_Rd3_6at12m.mp4,120,1
GreecePro_WomenRd3__Allie_Nicholson_Rd3_6at12m_f00132,train,data/videos/drive_extra/GreecePro_WomenRd3__Allie_Nicholson_Rd3_6at12m.mp4,132,0
GreecePro_WomenRd3__Allie_Nicholson_Rd3_6at12m_f00144,train,data/videos/drive_extra/GreecePro_WomenRd3__Allie_Nicholson_Rd3_6at12m.mp4,144,0
GreecePro_WomenRd3__Allie_Nicholson_Rd3_6at12m_f00156,train,data/videos/drive_extra/GreecePro_WomenRd3__Allie_Nicholson_Rd3_6at12m.mp4,156,0
GreecePro_WomenRd3__Allie_Nicholson_Rd3_6at12m_f00168,train,data/videos/drive_extra/GreecePro_WomenRd3__Allie_Nicholson_Rd3_6at12m.mp4,168,0
GreecePro_WomenRd3__Allie_Nicholson_Rd3_6at12m_f00180,train,data/videos/drive_extra/GreecePro_WomenRd3__Allie_Nicholson_Rd3_6at12m.mp4,180,0
GreecePro_WomenRd3__Allie_Nicholson_Rd3_6at12m_f00192,train,data/videos/drive_extra/GreecePro_WomenRd3__Allie_Nicholson_Rd3_6at12m.mp4,192,0
GreecePro_WomenRd3__Allie_Nicholson_Rd3_6at12m_f00204,train,data/videos/drive_extra/GreecePro_WomenRd3__Allie_Nicholson_Rd3_6at12m.mp4,204,0
GreecePro_WomenRd3__Allie_Nicholson_Rd3_6at12m_f00216,train,data/videos/drive_extra/GreecePro_WomenRd3__Allie_Nicholson_Rd3_6at12m.mp4,216,0
GreecePro_WomenRd3__Allie_Nicholson_Rd3_6at12m_f00228,train,data/videos/drive_extra/GreecePro_WomenRd3__Allie_Nicholson_Rd3_6at12m.mp4,228,0
GreecePro_WomenRd3__Allie_Nicholson_Rd3_6at12m_f00240,train,data/videos/drive_extra/GreecePro_WomenRd3__Allie_Nicholson_Rd3_6at12m.mp4,240,0
GreecePro_WomenRd3__Allie_Nicholson_Rd3_6at12m_f00252,train,data/videos/drive_extra/GreecePro_WomenRd3__Allie_Nicholson_Rd3_6at12m.mp4,252,0
GreecePro_WomenRd3__Allie_Nicholson_Rd3_6at12m_f00264,train,data/videos/drive_extra/GreecePro_WomenRd3__Allie_Nicholson_Rd3_6at12m.mp4,264,0
GreecePro_WomenRd3__Allie_Nicholson_Rd3_6at12m_f00276,train,data/videos/drive_extra/GreecePro_WomenRd3__Allie_Nicholson_Rd3_6at12m.mp4,276,0
GreecePro_WomenRd3__Allie_Nicholson_Rd3_6at12m_f00288,train,data/videos/drive_extra/GreecePro_WomenRd3__Allie_Nicholson_Rd3_6at12m.mp4,288,0
GreecePro_WomenRd3__Allie_Nicholson_Rd3_6at12m_f00300,train,data/videos/drive_extra/GreecePro_WomenRd3__Allie_Nicholson_Rd3_6at12m.mp4,300,0
GreecePro_WomenRd3__Allie_Nicholson_Rd3_6at12m_f00312,train,data/videos/drive_extra/GreecePro_WomenRd3__Allie_Nicholson_Rd3_6at12m.mp4,312,0
GreecePro_WomenRd3__Allie_Nicholson_Rd3_6at12m_f00324,train,data/videos/drive_extra/GreecePro_WomenRd3__Allie_Nicholson_Rd3_6at12m.mp4,324,0
GreecePro_WomenRd3__Allie_Nicholson_Rd3_6at12m_f00336,train,data/videos/drive_extra/GreecePro_WomenRd3__Allie_Nicholson_Rd3_6at12m.mp4,336,0
GreecePro_WomenRd3__Allie_Nicholson_Rd3_6at12m_f00348,train,data/videos/drive_extra/GreecePro_WomenRd3__Allie_Nicholson_Rd3_6at12m.mp4,348,0
GreecePro_WomenRd3__Allie_Nicholson_Rd3_6at12m_f00360,train,data/videos/drive_extra/GreecePro_WomenRd3__Allie_Nicholson_Rd3_6at12m.mp4,360,0
GreecePro_WomenRd3__Allie_Nicholson_Rd3_6at12m_f00372,train,data/videos/drive_extra/GreecePro_WomenRd3__Allie_Nicholson_Rd3_6at12m.mp4,372,0
GreecePro_WomenRd3__Allie_Nicholson_Rd3_6at12m_f00384,train,data/videos/drive_extra/GreecePro_WomenRd3__Allie_Nicholson_Rd3_6at12m.mp4,384,0
GreecePro_WomenRd3__Allie_Nicholson_Rd3_6at12m_f00396,train,data/videos/drive_extra/GreecePro_WomenRd3__Allie_Nicholson_Rd3_6at12m.mp4,396,0
GreecePro_WomenRd3__Allie_Nicholson_Rd3_6at12m_f00408,train,data/videos/drive_extra/GreecePro_WomenRd3__Allie_Nicholson_Rd3_6at12m.mp4,408,0
GreecePro_WomenRd3__Allie_Nicholson_Rd3_6at12m_f00420,train,data/videos/drive_extra/GreecePro_WomenRd3__Allie_Nicholson_Rd3_6at12m.mp4,420,0
GreecePro_WomenRd3__Allie_Nicholson_Rd3_6at12m_f00432,train,data/videos/drive_extra/GreecePro_WomenRd3__Allie_Nicholson_Rd3_6at12m.mp4,432,0
GreecePro_WomenRd3__Allie_Nicholson_Rd3_6at12m_f00444,train,data/videos/drive_extra/GreecePro_WomenRd3__Allie_Nicholson_Rd3_6at12m.mp4,444,0
GreecePro_WomenRd3__Allie_Nicholson_Rd3_6at12m_f00456,train,data/videos/drive_extra/GreecePro_WomenRd3__Allie_Nicholson_Rd3_6at12m.mp4,456,0
GreecePro_WomenRd3__Allie_Nicholson_Rd3_6at12m_f00468,train,data/videos/drive_extra/GreecePro_WomenRd3__Allie_Nicholson_Rd3_6at12m.mp4,468,0
GreecePro_WomenRd3__Allie_Nicholson_Rd3_6at12m_f00480,train,data/videos/drive_extra/GreecePro_WomenRd3__Allie_Nicholson_Rd3_6at12m.mp4,480,0
GreecePro_WomenRd3__Allie_Nicholson_Rd3_6at12m_f00492,train,data/videos/drive_extra/GreecePro_WomenRd3__Allie_Nicholson_Rd3_6at12m.mp4,492,0
GreecePro_WomenRd3__Allie_Nicholson_Rd3_6at12m_f00504,train,data/videos/drive_extra/GreecePro_WomenRd3__Allie_Nicholson_Rd3_6at12m.mp4,504,0
GreecePro_WomenRd3__Allie_Nicholson_Rd3_6at12m_f00516,train,data/videos/drive_extra/GreecePro_WomenRd3__Allie_Nicholson_Rd3_6at12m.mp4,516,0
GreecePro_WomenRd3__Allie_Nicholson_Rd3_6at12m_f00528,train,data/videos/drive_extra/GreecePro_WomenRd3__Allie_Nicholson_Rd3_6at12m.mp4,528,0
GreecePro_WomenRd3__Allie_Nicholson_Rd3_6at12m_f00540,train,data/videos/drive_extra/GreecePro_WomenRd3__Allie_Nicholson_Rd3_6at12m.mp4,540,0
GreecePro_WomenRd3__Allie_Nicholson_Rd3_6at12m_f00552,train,data/videos/drive_extra/GreecePro_WomenRd3__Allie_Nicholson_Rd3_6at12m.mp4,552,0
GreecePro_WomenRd3__Allie_Nicholson_Rd3_6at12m_f00564,train,data/videos/drive_extra/GreecePro_WomenRd3__Allie_Nicholson_Rd3_6at12m.mp4,564,0
GreecePro_WomenRd3__Allie_Nicholson_Rd3_6at12m_f00576,train,data/videos/drive_extra/GreecePro_WomenRd3__Allie_Nicholson_Rd3_6at12m.mp4,576,0
GreecePro_WomenRd3__Allie_Nicholson_Rd3_6at12m_f00588,train,data/videos/drive_extra/GreecePro_WomenRd3__Allie_Nicholson_Rd3_6at12m.mp4,588,0
GreecePro_WomenRd3__Allie_Nicholson_Rd3_6at12m_f00600,train,data/videos/drive_extra/GreecePro_WomenRd3__Allie_Nicholson_Rd3_6at12m.mp4,600,0
GreecePro_WomenRd3__Allie_Nicholson_Rd3_6at12m_f00612,train,data/videos/drive_extra/GreecePro_WomenRd3__Allie_Nicholson_Rd3_6at12m.mp4,612,0
GreecePro_WomenRd3__Allie_Nicholson_Rd3_6at12m_f00624,train,data/videos/drive_extra/GreecePro_WomenRd3__Allie_Nicholson_Rd3_6at12m.mp4,624,0
GreecePro_WomenRd3__Allie_Nicholson_Rd3_6at12m_f00636,train,data/videos/drive_extra/GreecePro_WomenRd3__Allie_Nicholson_Rd3_6at12m.mp4,636,0
GreecePro_WomenRd3__Allie_Nicholson_Rd3_6at12m_f00648,train,data/videos/drive_extra/GreecePro_WomenRd3__Allie_Nicholson_Rd3_6at12m.mp4,648,0
GreecePro_WomenRd3__Allie_Nicholson_Rd3_6at12m_f00660,train,data/videos/drive_extra/GreecePro_WomenRd3__Allie_Nicholson_Rd3_6at12m.mp4,660,0
GreecePro_WomenRd3__Allie_Nicholson_Rd3_6at12m_f00672,train,data/videos/drive_extra/GreecePro_WomenRd3__Allie_Nicholson_Rd3_6at12m.mp4,672,0
GreecePro_WomenRd3__Allie_Nicholson_Rd3_6at12m_f00684,train,data/videos/drive_extra/GreecePro_WomenRd3__Allie_Nicholson_Rd3_6at12m.mp4,684,0
GreecePro_WomenRd3__Allie_Nicholson_Rd3_6at12m_f00696,train,data/videos/drive_extra/GreecePro_WomenRd3__Allie_Nicholson_Rd3_6at12m.mp4,696,0
GreecePro_WomenRd3__Allie_Nicholson_Rd3_6at12m_f00708,train,data/videos/drive_extra/GreecePro_WomenRd3__Allie_Nicholson_Rd3_6at12m.mp4,708,0
GreecePro_WomenRd3__Allie_Nicholson_Rd3_6at12m_f00720,train,data/videos/drive_extra/GreecePro_WomenRd3__Allie_Nicholson_Rd3_6at12m.mp4,720,0
GreecePro_WomenRd3__Allie_Nicholson_Rd3_6at12m_f00732,train,data/videos/drive_extra/GreecePro_WomenRd3__Allie_Nicholson_Rd3_6at12m.mp4,732,0
GreecePro_WomenRd3__Allie_Nicholson_Rd3_6at12m_f00744,train,data/videos/drive_extra/GreecePro_WomenRd3__Allie_Nicholson_Rd3_6at12m.mp4,744,0
GreecePro_WomenRd3__Allie_Nicholson_Rd3_6at12m_f00756,train,data/videos/drive_extra/GreecePro_WomenRd3__Allie_Nicholson_Rd3_6at12m.mp4,756,0
GreecePro_WomenRd3__Allie_Nicholson_Rd3_6at12m_f00768,train,data/videos/drive_extra/GreecePro_WomenRd3__Allie_Nicholson_Rd3_6at12m.mp4,768,0
GreecePro_WomenRd3__Allie_Nicholson_Rd3_6at12m_f00780,train,data/videos/drive_extra/GreecePro_WomenRd3__Allie_Nicholson_Rd3_6at12m.mp4,780,0
GreecePro_WomenRd3__Allie_Nicholson_Rd3_6at12m_f00792,train,data/videos/drive_extra/GreecePro_WomenRd3__Allie_Nicholson_Rd3_6at12m.mp4,792,0
GreecePro_WomenRd3__Allie_Nicholson_Rd3_6at12m_f00804,train,data/videos/drive_extra/GreecePro_WomenRd3__Allie_Nicholson_Rd3_6at12m.mp4,804,0
GreecePro_WomenRd3__Allie_Nicholson_Rd3_6at12m_f00816,train,data/videos/drive_extra/GreecePro_WomenRd3__Allie_Nicholson_Rd3_6at12m.mp4,816,0
GreecePro_WomenRd3__Allie_Nicholson_Rd3_6at12m_f00828,train,data/videos/drive_extra/GreecePro_WomenRd3__Allie_Nicholson_Rd3_6at12m.mp4,828,0
GreecePro_WomenRd3__Allie_Nicholson_Rd3_6at12m_f00840,train,data/videos/drive_extra/GreecePro_WomenRd3__Allie_Nicholson_Rd3_6at12m.mp4,840,0
GreecePro_WomenRd3__Allie_Nicholson_Rd3_6at12m_f00852,train,data/videos/drive_extra/GreecePro_WomenRd3__Allie_Nicholson_Rd3_6at12m.mp4,852,0
GreecePro_WomenRd3__Allie_Nicholson_Rd3_6at12m_f00864,train,data/videos/drive_extra/GreecePro_WomenRd3__Allie_Nicholson_Rd3_6at12m.mp4,864,0
GreecePro_WomenRd3__Allie_Nicholson_Rd3_6at12m_f00876,train,data/videos/drive_extra/GreecePro_WomenRd3__Allie_Nicholson_Rd3_6at12m.mp4,876,0
GreecePro_WomenRd3__Allie_Nicholson_Rd3_6at12m_f00888,train,data/videos/drive_extra/GreecePro_WomenRd3__Allie_Nicholson_Rd3_6at12m.mp4,888,0
GreecePro_WomenRd3__Allie_Nicholson_Rd3_6at12m_f00900,train,data/videos/drive_extra/GreecePro_WomenRd3__Allie_Nicholson_Rd3_6at12m.mp4,900,0
GreecePro_WomenRd3__Allie_Nicholson_Rd3_6at12m_f00912,train,data/videos/drive_extra/GreecePro_WomenRd3__Allie_Nicholson_Rd3_6at12m.mp4,912,0
GreecePro_WomenRd3__Allie_Nicholson_Rd3_6at12m_f00924,train,data/videos/drive_extra/GreecePro_WomenRd3__Allie_Nicholson_Rd3_6at12m.mp4,924,0
GreecePro_WomenRd3__Allie_Nicholson_Rd3_6at12m_f00936,train,data/videos/drive_extra/GreecePro_WomenRd3__Allie_Nicholson_Rd3_6at12m.mp4,936,0
GreecePro_WomenRd3__Allie_Nicholson_Rd3_6at12m_f00948,train,data/videos/drive_extra/GreecePro_WomenRd3__Allie_Nicholson_Rd3_6at12m.mp4,948,0
GreecePro_WomenRd3__Allie_Nicholson_Rd3_6at12m_f00960,train,data/videos/drive_extra/GreecePro_WomenRd3__Allie_Nicholson_Rd3_6at12m.mp4,960,0
GreecePro_WomenRd3__Allie_Nicholson_Rd3_6at12m_f00972,train,data/videos/drive_extra/GreecePro_WomenRd3__Allie_Nicholson_Rd3_6at12m.mp4,972,0
GreecePro_WomenRd3__Allie_Nicholson_Rd3_6at12m_f00984,train,data/videos/drive_extra/GreecePro_WomenRd3__Allie_Nicholson_Rd3_6at12m.mp4,984,0
GreecePro_WomenRd3__Allie_Nicholson_Rd3_6at12m_f00996,train,data/videos/drive_extra/GreecePro_WomenRd3__Allie_Nicholson_Rd3_6at12m.mp4,996,0
GreecePro_WomenRd3__Allie_Nicholson_Rd3_6at12m_f01008,train,data/videos/drive_extra/GreecePro_WomenRd3__Allie_Nicholson_Rd3_6at12m.mp4,1008,0
GreecePro_WomenRd3__Allie_Nicholson_Rd3_6at12m_f01020,train,data/videos/drive_extra/GreecePro_WomenRd3__Allie_Nicholson_Rd3_6at12m.mp4,1020,0
GreecePro_WomenRd3__Allie_Nicholson_Rd3_6at12m_f01032,train,data/videos/drive_extra/GreecePro_WomenRd3__Allie_Nicholson_Rd3_6at12m.mp4,1032,0
GreecePro_WomenRd3__Allie_Nicholson_Rd3_6at12m_f01044,train,data/videos/drive_extra/GreecePro_WomenRd3__Allie_Nicholson_Rd3_6at12m.mp4,1044,0
GreecePro_WomenRd3__Allie_Nicholson_Rd3_6at12m_f01056,train,data/videos/drive_extra/GreecePro_WomenRd3__Allie_Nicholson_Rd3_6at12m.mp4,1056,0
GreecePro_WomenRd3__Allie_Nicholson_Rd3_6at12m_f01068,train,data/videos/drive_extra/GreecePro_WomenRd3__Allie_Nicholson_Rd3_6at12m.mp4,1068,0
GreecePro_WomenRd3__Allie_Nicholson_Rd3_6at12m_f01080,train,data/videos/drive_extra/GreecePro_WomenRd3__Allie_Nicholson_Rd3_6at12m.mp4,1080,0
GreecePro_WomenRd3__Allie_Nicholson_Rd3_6at12m_f01092,train,data/videos/drive_extra/GreecePro_WomenRd3__Allie_Nicholson_Rd3_6at12m.mp4,1092,0
GreecePro_WomenRd3__Allie_Nicholson_Rd3_6at12m_f01104,train,data/videos/drive_extra/GreecePro_WomenRd3__Allie_Nicholson_Rd3_6at12m.mp4,1104,0
GreecePro_WomenRd3__Allie_Nicholson_Rd3_6at12m_f01116,train,data/videos/drive_extra/GreecePro_WomenRd3__Allie_Nicholson_Rd3_6at12m.mp4,1116,0
GreecePro_WomenRd3__Allie_Nicholson_Rd3_6at12m_f01128,train,data/videos/drive_extra/GreecePro_WomenRd3__Allie_Nicholson_Rd3_6at12m.mp4,1128,0
GreecePro_WomenRd3__Allie_Nicholson_Rd3_6at12m_f01140,train,data/videos/drive_extra/GreecePro_WomenRd3__Allie_Nicholson_Rd3_6at12m.mp4,1140,2
GreecePro_WomenRd3__Allie_Nicholson_Rd3_6at12m_f01152,train,data/videos/drive_extra/GreecePro_WomenRd3__Allie_Nicholson_Rd3_6at12m.mp4,1152,2
GreecePro_WomenRd3__Allie_Nicholson_Rd3_6at12m_f01164,train,data/videos/drive_extra/GreecePro_WomenRd3__Allie_Nicholson_Rd3_6at12m.mp4,1164,1
GreecePro_WomenRd3__Allie_Nicholson_Rd3_6at12m_f01176,train,data/videos/drive_extra/GreecePro_WomenRd3__Allie_Nicholson_Rd3_6at12m.mp4,1176,0
GreecePro_WomenRd3__Allie_Nicholson_Rd3_6at12m_f01188,train,data/videos/drive_extra/GreecePro_WomenRd3__Allie_Nicholson_Rd3_6at12m.mp4,1188,0
GreecePro_WomenRd3__Allie_Nicholson_Rd3_6at12m_f01200,train,data/videos/drive_extra/GreecePro_WomenRd3__Allie_Nicholson_Rd3_6at12m.mp4,1200,0
GreecePro_WomenRd3__Allie_Nicholson_Rd3_6at12m_f01212,train,data/videos/drive_extra/GreecePro_WomenRd3__Allie_Nicholson_Rd3_6at12m.mp4,1212,0
GreecePro_WomenRd3__Allie_Nicholson_Rd3_6at12m_f01224,train,data/videos/drive_extra/GreecePro_WomenRd3__Allie_Nicholson_Rd3_6at12m.mp4,1224,0
ItalyPro_OpenWomenRd2__Julie_Mishler_6at32_Rd2_f00000,train,data/videos/drive_extra/ItalyPro_OpenWomenRd2__Julie_Mishler_6at32_Rd2.mp4,0,0
ItalyPro_OpenWomenRd2__Julie_Mishler_6at32_Rd2_f00006,train,data/videos/drive_extra/ItalyPro_OpenWomenRd2__Julie_Mishler_6at32_Rd2.mp4,6,0
ItalyPro_OpenWomenRd2__Julie_Mishler_6at32_Rd2_f00012,train,data/videos/drive_extra/ItalyPro_OpenWomenRd2__Julie_Mishler_6at32_Rd2.mp4,12,0
ItalyPro_OpenWomenRd2__Julie_Mishler_6at32_Rd2_f00018,train,data/videos/drive_extra/ItalyPro_OpenWomenRd2__Julie_Mishler_6at32_Rd2.mp4,18,0
ItalyPro_OpenWomenRd2__Julie_Mishler_6at32_Rd2_f00024,train,data/videos/drive_extra/ItalyPro_OpenWomenRd2__Julie_Mishler_6at32_Rd2.mp4,24,1
ItalyPro_OpenWomenRd2__Julie_Mishler_6at32_Rd2_f00030,train,data/videos/drive_extra/ItalyPro_OpenWomenRd2__Julie_Mishler_6at32_Rd2.mp4,30,0
ItalyPro_OpenWomenRd2__Julie_Mishler_6at32_Rd2_f00036,train,data/videos/drive_extra/ItalyPro_OpenWomenRd2__Julie_Mishler_6at32_Rd2.mp4,36,3
ItalyPro_OpenWomenRd2__Julie_Mishler_6at32_Rd2_f00042,train,data/videos/drive_extra/ItalyPro_OpenWomenRd2__Julie_Mishler_6at32_Rd2.mp4,42,2
ItalyPro_OpenWomenRd2__Julie_Mishler_6at32_Rd2_f00048,train,data/videos/drive_extra/ItalyPro_OpenWomenRd2__Julie_Mishler_6at32_Rd2.mp4,48,3
ItalyPro_OpenWomenRd2__Julie_Mishler_6at32_Rd2_f00054,train,data/videos/drive_extra/ItalyPro_OpenWomenRd2__Julie_Mishler_6at32_Rd2.mp4,54,2
ItalyPro_OpenWomenRd2__Julie_Mishler_6at32_Rd2_f00060,train,data/videos/drive_extra/ItalyPro_OpenWomenRd2__Julie_Mishler_6at32_Rd2.mp4,60,0
ItalyPro_OpenWomenRd2__Julie_Mishler_6at32_Rd2_f00066,train,data/videos/drive_extra/ItalyPro_OpenWomenRd2__Julie_Mishler_6at32_Rd2.mp4,66,2
ItalyPro_OpenWomenRd2__Julie_Mishler_6at32_Rd2_f00072,train,data/videos/drive_extra/ItalyPro_OpenWomenRd2__Julie_Mishler_6at32_Rd2.mp4,72,1
ItalyPro_OpenWomenRd2__Julie_Mishler_6at32_Rd2_f00078,train,data/videos/drive_extra/ItalyPro_OpenWomenRd2__Julie_Mishler_6at32_Rd2.mp4,78,1
ItalyPro_OpenWomenRd2__Julie_Mishler_6at32_Rd2_f00084,train,data/videos/drive_extra/ItalyPro_OpenWomenRd2__Julie_Mishler_6at32_Rd2.mp4,84,0
ItalyPro_OpenWomenRd2__Julie_Mishler_6at32_Rd2_f00090,train,data/videos/drive_extra/ItalyPro_OpenWomenRd2__Julie_Mishler_6at32_Rd2.mp4,90,0
ItalyPro_OpenWomenRd2__Julie_Mishler_6at32_Rd2_f00096,train,data/videos/drive_extra/ItalyPro_OpenWomenRd2__Julie_Mishler_6at32_Rd2.mp4,96,0
ItalyPro_OpenWomenRd2__Julie_Mishler_6at32_Rd2_f00102,train,data/videos/drive_extra/ItalyPro_OpenWomenRd2__Julie_Mishler_6at32_Rd2.mp4,102,0
ItalyPro_OpenWomenRd2__Julie_Mishler_6at32_Rd2_f00108,train,data/videos/drive_extra/ItalyPro_OpenWomenRd2__Julie_Mishler_6at32_Rd2.mp4,108,1
ItalyPro_OpenWomenRd2__Julie_Mishler_6at32_Rd2_f00114,train,data/videos/drive_extra/ItalyPro_OpenWomenRd2__Julie_Mishler_6at32_Rd2.mp4,114,0
ItalyPro_OpenWomenRd2__Julie_Mishler_6at32_Rd2_f00120,train,data/videos/drive_extra/ItalyPro_OpenWomenRd2__Julie_Mishler_6at32_Rd2.mp4,120,0
ItalyPro_OpenWomenRd2__Julie_Mishler_6at32_Rd2_f00126,train,data/videos/drive_extra/ItalyPro_OpenWomenRd2__Julie_Mishler_6at32_Rd2.mp4,126,0
ItalyPro_OpenWomenRd2__Julie_Mishler_6at32_Rd2_f00132,train,data/videos/drive_extra/ItalyPro_OpenWomenRd2__Julie_Mishler_6at32_Rd2.mp4,132,0
ItalyPro_OpenWomenRd2__Julie_Mishler_6at32_Rd2_f00138,train,data/videos/drive_extra/ItalyPro_OpenWomenRd2__Julie_Mishler_6at32_Rd2.mp4,138,0
ItalyPro_OpenWomenRd2__Julie_Mishler_6at32_Rd2_f00144,train,data/videos/drive_extra/ItalyPro_OpenWomenRd2__Julie_Mishler_6at32_Rd2.mp4,144,2
ItalyPro_OpenWomenRd2__Julie_Mishler_6at32_Rd2_f00150,train,data/videos/drive_extra/ItalyPro_OpenWomenRd2__Julie_Mishler_6at32_Rd2.mp4,150,2
ItalyPro_OpenWomenRd2__Julie_Mishler_6at32_Rd2_f00156,train,data/videos/drive_extra/ItalyPro_OpenWomenRd2__Julie_Mishler_6at32_Rd2.mp4,156,2
ItalyPro_OpenWomenRd2__Julie_Mishler_6at32_Rd2_f00162,train,data/videos/drive_extra/ItalyPro_OpenWomenRd2__Julie_Mishler_6at32_Rd2.mp4,162,2
ItalyPro_OpenWomenRd2__Julie_Mishler_6at32_Rd2_f00168,train,data/videos/drive_extra/ItalyPro_OpenWomenRd2__Julie_Mishler_6at32_Rd2.mp4,168,1
ItalyPro_OpenWomenRd2__Julie_Mishler_6at32_Rd2_f00174,train,data/videos/drive_extra/ItalyPro_OpenWomenRd2__Julie_Mishler_6at32_Rd2.mp4,174,2
ItalyPro_OpenWomenRd2__Julie_Mishler_6at32_Rd2_f00180,train,data/videos/drive_extra/ItalyPro_OpenWomenRd2__Julie_Mishler_6at32_Rd2.mp4,180,0
ItalyPro_OpenWomenRd2__Julie_Mishler_6at32_Rd2_f00186,train,data/videos/drive_extra/ItalyPro_OpenWomenRd2__Julie_Mishler_6at32_Rd2.mp4,186,0
ItalyPro_OpenWomenRd2__Julie_Mishler_6at32_Rd2_f00192,train,data/videos/drive_extra/ItalyPro_OpenWomenRd2__Julie_Mishler_6at32_Rd2.mp4,192,1
ItalyPro_OpenWomenRd2__Julie_Mishler_6at32_Rd2_f00198,train,data/videos/drive_extra/ItalyPro_OpenWomenRd2__Julie_Mishler_6at32_Rd2.mp4,198,0
ItalyPro_OpenWomenRd2__Julie_Mishler_6at32_Rd2_f00204,train,data/videos/drive_extra/ItalyPro_OpenWomenRd2__Julie_Mishler_6at32_Rd2.mp4,204,1
ItalyPro_OpenWomenRd2__Julie_Mishler_6at32_Rd2_f00210,train,data/videos/drive_extra/ItalyPro_OpenWomenRd2__Julie_Mishler_6at32_Rd2.mp4,210,1
ItalyPro_OpenWomenRd2__Julie_Mishler_6at32_Rd2_f00216,train,data/videos/drive_extra/ItalyPro_OpenWomenRd2__Julie_Mishler_6at32_Rd2.mp4,216,0
ItalyPro_OpenWomenRd2__Julie_Mishler_6at32_Rd2_f00222,train,data/videos/drive_extra/ItalyPro_OpenWomenRd2__Julie_Mishler_6at32_Rd2.mp4,222,0
ItalyPro_OpenWomenRd2__Julie_Mishler_6at32_Rd2_f00228,train,data/videos/drive_extra/ItalyPro_OpenWomenRd2__Julie_Mishler_6at32_Rd2.mp4,228,2
ItalyPro_OpenWomenRd2__Julie_Mishler_6at32_Rd2_f00234,train,data/videos/drive_extra/ItalyPro_OpenWomenRd2__Julie_Mishler_6at32_Rd2.mp4,234,2
ItalyPro_OpenWomenRd2__Julie_Mishler_6at32_Rd2_f00240,train,data/videos/drive_extra/ItalyPro_OpenWomenRd2__Julie_Mishler_6at32_Rd2.mp4,240,2
ItalyPro_OpenWomenRd2__Julie_Mishler_6at32_Rd2_f00246,train,data/videos/drive_extra/ItalyPro_OpenWomenRd2__Julie_Mishler_6at32_Rd2.mp4,246,2
ItalyPro_OpenWomenRd2__Julie_Mishler_6at32_Rd2_f00252,train,data/videos/drive_extra/ItalyPro_OpenWomenRd2__Julie_Mishler_6at32_Rd2.mp4,252,1
ItalyPro_OpenWomenRd2__Julie_Mishler_6at32_Rd2_f00258,train,data/videos/drive_extra/ItalyPro_OpenWomenRd2__Julie_Mishler_6at32_Rd2.mp4,258,0
ItalyPro_OpenWomenRd2__Julie_Mishler_6at32_Rd2_f00264,train,data/videos/drive_extra/ItalyPro_OpenWomenRd2__Julie_Mishler_6at32_Rd2.mp4,264,0
ItalyPro_OpenWomenRd2__Julie_Mishler_6at32_Rd2_f00270,train,data/videos/drive_extra/ItalyPro_OpenWomenRd2__Julie_Mishler_6at32_Rd2.mp4,270,1
ItalyPro_OpenWomenRd2__Julie_Mishler_6at32_Rd2_f00276,train,data/videos/drive_extra/ItalyPro_OpenWomenRd2__Julie_Mishler_6at32_Rd2.mp4,276,0
ItalyPro_OpenWomenRd2__Julie_Mishler_6at32_Rd2_f00282,train,data/videos/drive_extra/ItalyPro_OpenWomenRd2__Julie_Mishler_6at32_Rd2.mp4,282,0
ItalyPro_OpenWomenRd2__Julie_Mishler_6at32_Rd2_f00288,train,data/videos/drive_extra/ItalyPro_OpenWomenRd2__Julie_Mishler_6at32_Rd2.mp4,288,0
ItalyPro_OpenWomenRd2__Julie_Mishler_6at32_Rd2_f00294,train,data/videos/drive_extra/ItalyPro_OpenWomenRd2__Julie_Mishler_6at32_Rd2.mp4,294,0
ItalyPro_OpenWomenRd2__Julie_Mishler_6at32_Rd2_f00300,train,data/videos/drive_extra/ItalyPro_OpenWomenRd2__Julie_Mishler_6at32_Rd2.mp4,300,0
ItalyPro_OpenWomenRd2__Julie_Mishler_6at32_Rd2_f00306,train,data/videos/drive_extra/ItalyPro_OpenWomenRd2__Julie_Mishler_6at32_Rd2.mp4,306,1
ItalyPro_OpenWomenRd2__Julie_Mishler_6at32_Rd2_f00312,train,data/videos/drive_extra/ItalyPro_OpenWomenRd2__Julie_Mishler_6at32_Rd2.mp4,312,2
ItalyPro_OpenWomenRd2__Julie_Mishler_6at32_Rd2_f00318,train,data/videos/drive_extra/ItalyPro_OpenWomenRd2__Julie_Mishler_6at32_Rd2.mp4,318,1
ItalyPro_OpenWomenRd2__Julie_Mishler_6at32_Rd2_f00324,train,data/videos/drive_extra/ItalyPro_OpenWomenRd2__Julie_Mishler_6at32_Rd2.mp4,324,1
ItalyPro_OpenWomenRd2__Julie_Mishler_6at32_Rd2_f00330,train,data/videos/drive_extra/ItalyPro_OpenWomenRd2__Julie_Mishler_6at32_Rd2.mp4,330,1
ItalyPro_OpenWomenRd2__Julie_Mishler_6at32_Rd2_f00336,train,data/videos/drive_extra/ItalyPro_OpenWomenRd2__Julie_Mishler_6at32_Rd2.mp4,336,0
ItalyPro_OpenWomenRd2__Julie_Mishler_6at32_Rd2_f00342,train,data/videos/drive_extra/ItalyPro_OpenWomenRd2__Julie_Mishler_6at32_Rd2.mp4,342,0
ItalyPro_OpenWomenRd2__Julie_Mishler_6at32_Rd2_f00348,train,data/videos/drive_extra/ItalyPro_OpenWomenRd2__Julie_Mishler_6at32_Rd2.mp4,348,0
ItalyPro_OpenWomenRd2__Julie_Mishler_6at32_Rd2_f00354,train,data/videos/drive_extra/ItalyPro_OpenWomenRd2__Julie_Mishler_6at32_Rd2.mp4,354,0
ItalyPro_OpenWomenRd2__Julie_Mishler_6at32_Rd2_f00360,train,data/videos/drive_extra/ItalyPro_OpenWomenRd2__Julie_Mishler_6at32_Rd2.mp4,360,1
ItalyPro_OpenWomenRd2__Julie_Mishler_6at32_Rd2_f00366,train,data/videos/drive_extra/ItalyPro_OpenWomenRd2__Julie_Mishler_6at32_Rd2.mp4,366,2
ItalyPro_OpenWomenRd2__Julie_Mishler_6at32_Rd2_f00372,train,data/videos/drive_extra/ItalyPro_OpenWomenRd2__Julie_Mishler_6at32_Rd2.mp4,372,2
ItalyPro_OpenWomenRd2__Julie_Mishler_6at32_Rd2_f00378,train,data/videos/drive_extra/ItalyPro_OpenWomenRd2__Julie_Mishler_6at32_Rd2.mp4,378,1
ItalyPro_OpenWomenRd2__Julie_Mishler_6at32_Rd2_f00384,train,data/videos/drive_extra/ItalyPro_OpenWomenRd2__Julie_Mishler_6at32_Rd2.mp4,384,1
ItalyPro_OpenWomenRd2__Julie_Mishler_6at32_Rd2_f00390,train,data/videos/drive_extra/ItalyPro_OpenWomenRd2__Julie_Mishler_6at32_Rd2.mp4,390,2
ItalyPro_OpenWomenRd2__Julie_Mishler_6at32_Rd2_f00396,train,data/videos/drive_extra/ItalyPro_OpenWomenRd2__Julie_Mishler_6at32_Rd2.mp4,396,2
ItalyPro_OpenWomenRd2__Julie_Mishler_6at32_Rd2_f00402,train,data/videos/drive_extra/ItalyPro_OpenWomenRd2__Julie_Mishler_6at32_Rd2.mp4,402,2
ItalyPro_OpenWomenRd2__Julie_Mishler_6at32_Rd2_f00408,train,data/videos/drive_extra/ItalyPro_OpenWomenRd2__Julie_Mishler_6at32_Rd2.mp4,408,0
ItalyPro_OpenWomenRd2__Julie_Mishler_6at32_Rd2_f00414,train,data/videos/drive_extra/ItalyPro_OpenWomenRd2__Julie_Mishler_6at32_Rd2.mp4,414,0
ItalyPro_OpenWomenRd2__Julie_Mishler_6at32_Rd2_f00420,train,data/videos/drive_extra/ItalyPro_OpenWomenRd2__Julie_Mishler_6at32_Rd2.mp4,420,0
ItalyPro_OpenWomenRd2__Julie_Mishler_6at32_Rd2_f00426,train,data/videos/drive_extra/ItalyPro_OpenWomenRd2__Julie_Mishler_6at32_Rd2.mp4,426,1
ItalyPro_OpenWomenRd2__Julie_Mishler_6at32_Rd2_f00432,train,data/videos/drive_extra/ItalyPro_OpenWomenRd2__Julie_Mishler_6at32_Rd2.mp4,432,0
ItalyPro_OpenWomenRd2__Julie_Mishler_6at32_Rd2_f00438,train,data/videos/drive_extra/ItalyPro_OpenWomenRd2__Julie_Mishler_6at32_Rd2.mp4,438,0
ItalyPro_OpenWomenRd2__Julie_Mishler_6at32_Rd2_f00444,train,data/videos/drive_extra/ItalyPro_OpenWomenRd2__Julie_Mishler_6at32_Rd2.mp4,444,1
ItalyPro_OpenWomenRd2__Julie_Mishler_6at32_Rd2_f00450,train,data/videos/drive_extra/ItalyPro_OpenWomenRd2__Julie_Mishler_6at32_Rd2.mp4,450,1
ItalyPro_OpenWomenRd2__Julie_Mishler_6at32_Rd2_f00456,train,data/videos/drive_extra/ItalyPro_OpenWomenRd2__Julie_Mishler_6at32_Rd2.mp4,456,1
ItalyPro_OpenWomenRd2__Julie_Mishler_6at32_Rd2_f00462,train,data/videos/drive_extra/ItalyPro_OpenWomenRd2__Julie_Mishler_6at32_Rd2.mp4,462,1
ItalyPro_OpenWomenRd2__Julie_Mishler_6at32_Rd2_f00468,train,data/videos/drive_extra/ItalyPro_OpenWomenRd2__Julie_Mishler_6at32_Rd2.mp4,468,2
ItalyPro_OpenWomenRd2__Julie_Mishler_6at32_Rd2_f00474,train,data/videos/drive_extra/ItalyPro_OpenWomenRd2__Julie_Mishler_6at32_Rd2.mp4,474,2
ItalyPro_OpenWomenRd2__Julie_Mishler_6at32_Rd2_f00480,train,data/videos/drive_extra/ItalyPro_OpenWomenRd2__Julie_Mishler_6at32_Rd2.mp4,480,2
ItalyPro_OpenWomenRd2__Julie_Mishler_6at32_Rd2_f00486,train,data/videos/drive_extra/ItalyPro_OpenWomenRd2__Julie_Mishler_6at32_Rd2.mp4,486,1
ItalyPro_OpenWomenRd2__Julie_Mishler_6at32_Rd2_f00492,train,data/videos/drive_extra/ItalyPro_OpenWomenRd2__Julie_Mishler_6at32_Rd2.mp4,492,0
ItalyPro_OpenWomenRd2__Julie_Mishler_6at32_Rd2_f00498,train,data/videos/drive_extra/ItalyPro_OpenWomenRd2__Julie_Mishler_6at32_Rd2.mp4,498,0
ItalyPro_OpenWomenRd2__Julie_Mishler_6at32_Rd2_f00504,train,data/videos/drive_extra/ItalyPro_OpenWomenRd2__Julie_Mishler_6at32_Rd2.mp4,504,1
ItalyPro_OpenWomenRd2__Julie_Mishler_6at32_Rd2_f00510,train,data/videos/drive_extra/ItalyPro_OpenWomenRd2__Julie_Mishler_6at32_Rd2.mp4,510,2
ItalyPro_OpenWomenRd2__Julie_Mishler_6at32_Rd2_f00516,train,data/videos/drive_extra/ItalyPro_OpenWomenRd2__Julie_Mishler_6at32_Rd2.mp4,516,2
ItalyPro_OpenWomenRd2__Julie_Mishler_6at32_Rd2_f00522,train,data/videos/drive_extra/ItalyPro_OpenWomenRd2__Julie_Mishler_6at32_Rd2.mp4,522,1
ItalyPro_OpenWomenRd2__Julie_Mishler_6at32_Rd2_f00528,train,data/videos/drive_extra/ItalyPro_OpenWomenRd2__Julie_Mishler_6at32_Rd2.mp4,528,2
ItalyPro_OpenWomenRd2__Julie_Mishler_6at32_Rd2_f00534,train,data/videos/drive_extra/ItalyPro_OpenWomenRd2__Julie_Mishler_6at32_Rd2.mp4,534,1
ItalyPro_OpenWomenRd2__Julie_Mishler_6at32_Rd2_f00540,train,data/videos/drive_extra/ItalyPro_OpenWomenRd2__Julie_Mishler_6at32_Rd2.mp4,540,2
ItalyPro_OpenWomenRd2__Julie_Mishler_6at32_Rd2_f00546,train,data/videos/drive_extra/ItalyPro_OpenWomenRd2__Julie_Mishler_6at32_Rd2.mp4,546,3
ItalyPro_OpenWomenRd2__Julie_Mishler_6at32_Rd2_f00552,train,data/videos/drive_extra/ItalyPro_OpenWomenRd2__Julie_Mishler_6at32_Rd2.mp4,552,1
ItalyPro_OpenWomenRd2__Julie_Mishler_6at32_Rd2_f00558,train,data/videos/drive_extra/ItalyPro_OpenWomenRd2__Julie_Mishler_6at32_Rd2.mp4,558,1
ItalyPro_OpenWomenRd2__Julie_Mishler_6at32_Rd2_f00564,train,data/videos/drive_extra/ItalyPro_OpenWomenRd2__Julie_Mishler_6at32_Rd2.mp4,564,1
ItalyPro_OpenWomenRd2__Julie_Mishler_6at32_Rd2_f00570,train,data/videos/drive_extra/ItalyPro_OpenWomenRd2__Julie_Mishler_6at32_Rd2.mp4,570,2
ItalyPro_OpenWomenRd2__Julie_Mishler_6at32_Rd2_f00576,train,data/videos/drive_extra/ItalyPro_OpenWomenRd2__Julie_Mishler_6at32_Rd2.mp4,576,1
ItalyPro_OpenWomenRd2__Julie_Mishler_6at32_Rd2_f00582,train,data/videos/drive_extra/ItalyPro_OpenWomenRd2__Julie_Mishler_6at32_Rd2.mp4,582,1
ItalyPro_OpenWomenRd2__Julie_Mishler_6at32_Rd2_f00588,train,data/videos/drive_extra/ItalyPro_OpenWomenRd2__Julie_Mishler_6at32_Rd2.mp4,588,1
ItalyPro_OpenWomenRd2__Julie_Mishler_6at32_Rd2_f00594,train,data/videos/drive_extra/ItalyPro_OpenWomenRd2__Julie_Mishler_6at32_Rd2.mp4,594,0
ItalyPro_OpenWomenRd2__Julie_Mishler_6at32_Rd2_f00600,train,data/videos/drive_extra/ItalyPro_OpenWomenRd2__Julie_Mishler_6at32_Rd2.mp4,600,1
ItalyPro_SanGervasioD2_ProWomen__Alexandra_Garcia_6_at_38_off_f00000,train,data/videos/drive_extra/ItalyPro_SanGervasioD2_ProWomen__Alexandra_Garcia_6_at_38_off.mp4,0,0
ItalyPro_SanGervasioD2_ProWomen__Alexandra_Garcia_6_at_38_off_f00006,train,data/videos/drive_extra/ItalyPro_SanGervasioD2_ProWomen__Alexandra_Garcia_6_at_38_off.mp4,6,0
ItalyPro_SanGervasioD2_ProWomen__Alexandra_Garcia_6_at_38_off_f00012,train,data/videos/drive_extra/ItalyPro_SanGervasioD2_ProWomen__Alexandra_Garcia_6_at_38_off.mp4,12,0
ItalyPro_SanGervasioD2_ProWomen__Alexandra_Garcia_6_at_38_off_f00018,train,data/videos/drive_extra/ItalyPro_SanGervasioD2_ProWomen__Alexandra_Garcia_6_at_38_off.mp4,18,0
ItalyPro_SanGervasioD2_ProWomen__Alexandra_Garcia_6_at_38_off_f00024,train,data/videos/drive_extra/ItalyPro_SanGervasioD2_ProWomen__Alexandra_Garcia_6_at_38_off.mp4,24,0
ItalyPro_SanGervasioD2_ProWomen__Alexandra_Garcia_6_at_38_off_f00030,train,data/videos/drive_extra/ItalyPro_SanGervasioD2_ProWomen__Alexandra_Garcia_6_at_38_off.mp4,30,0
ItalyPro_SanGervasioD2_ProWomen__Alexandra_Garcia_6_at_38_off_f00036,train,data/videos/drive_extra/ItalyPro_SanGervasioD2_ProWomen__Alexandra_Garcia_6_at_38_off.mp4,36,0
ItalyPro_SanGervasioD2_ProWomen__Alexandra_Garcia_6_at_38_off_f00042,train,data/videos/drive_extra/ItalyPro_SanGervasioD2_ProWomen__Alexandra_Garcia_6_at_38_off.mp4,42,0
ItalyPro_SanGervasioD2_ProWomen__Alexandra_Garcia_6_at_38_off_f00048,train,data/videos/drive_extra/ItalyPro_SanGervasioD2_ProWomen__Alexandra_Garcia_6_at_38_off.mp4,48,0
ItalyPro_SanGervasioD2_ProWomen__Alexandra_Garcia_6_at_38_off_f00054,train,data/videos/drive_extra/ItalyPro_SanGervasioD2_ProWomen__Alexandra_Garcia_6_at_38_off.mp4,54,0
ItalyPro_SanGervasioD2_ProWomen__Alexandra_Garcia_6_at_38_off_f00060,train,data/videos/drive_extra/ItalyPro_SanGervasioD2_ProWomen__Alexandra_Garcia_6_at_38_off.mp4,60,0
ItalyPro_SanGervasioD2_ProWomen__Alexandra_Garcia_6_at_38_off_f00066,train,data/videos/drive_extra/ItalyPro_SanGervasioD2_ProWomen__Alexandra_Garcia_6_at_38_off.mp4,66,0
ItalyPro_SanGervasioD2_ProWomen__Alexandra_Garcia_6_at_38_off_f00072,train,data/videos/drive_extra/ItalyPro_SanGervasioD2_ProWomen__Alexandra_Garcia_6_at_38_off.mp4,72,0
ItalyPro_SanGervasioD2_ProWomen__Alexandra_Garcia_6_at_38_off_f00078,train,data/videos/drive_extra/ItalyPro_SanGervasioD2_ProWomen__Alexandra_Garcia_6_at_38_off.mp4,78,0
ItalyPro_SanGervasioD2_ProWomen__Alexandra_Garcia_6_at_38_off_f00084,train,data/videos/drive_extra/ItalyPro_SanGervasioD2_ProWomen__Alexandra_Garcia_6_at_38_off.mp4,84,0
ItalyPro_SanGervasioD2_ProWomen__Alexandra_Garcia_6_at_38_off_f00090,train,data/videos/drive_extra/ItalyPro_SanGervasioD2_ProWomen__Alexandra_Garcia_6_at_38_off.mp4,90,0
ItalyPro_SanGervasioD2_ProWomen__Alexandra_Garcia_6_at_38_off_f00096,train,data/videos/drive_extra/ItalyPro_SanGervasioD2_ProWomen__Alexandra_Garcia_6_at_38_off.mp4,96,0
ItalyPro_SanGervasioD2_ProWomen__Alexandra_Garcia_6_at_38_off_f00102,train,data/videos/drive_extra/ItalyPro_SanGervasioD2_ProWomen__Alexandra_Garcia_6_at_38_off.mp4,102,0
ItalyPro_SanGervasioD2_ProWomen__Alexandra_Garcia_6_at_38_off_f00108,train,data/videos/drive_extra/ItalyPro_SanGervasioD2_ProWomen__Alexandra_Garcia_6_at_38_off.mp4,108,0
ItalyPro_SanGervasioD2_ProWomen__Alexandra_Garcia_6_at_38_off_f00114,train,data/videos/drive_extra/ItalyPro_SanGervasioD2_ProWomen__Alexandra_Garcia_6_at_38_off.mp4,114,0
ItalyPro_SanGervasioD2_ProWomen__Alexandra_Garcia_6_at_38_off_f00120,train,data/videos/drive_extra/ItalyPro_SanGervasioD2_ProWomen__Alexandra_Garcia_6_at_38_off.mp4,120,0
ItalyPro_SanGervasioD2_ProWomen__Alexandra_Garcia_6_at_38_off_f00126,train,data/videos/drive_extra/ItalyPro_SanGervasioD2_ProWomen__Alexandra_Garcia_6_at_38_off.mp4,126,0
ItalyPro_SanGervasioD2_ProWomen__Alexandra_Garcia_6_at_38_off_f00132,train,data/videos/drive_extra/ItalyPro_SanGervasioD2_ProWomen__Alexandra_Garcia_6_at_38_off.mp4,132,0
ItalyPro_SanGervasioD2_ProWomen__Alexandra_Garcia_6_at_38_off_f00138,train,data/videos/drive_extra/ItalyPro_SanGervasioD2_ProWomen__Alexandra_Garcia_6_at_38_off.mp4,138,0
ItalyPro_SanGervasioD2_ProWomen__Alexandra_Garcia_6_at_38_off_f00144,train,data/videos/drive_extra/ItalyPro_SanGervasioD2_ProWomen__Alexandra_Garcia_6_at_38_off.mp4,144,0
ItalyPro_SanGervasioD2_ProWomen__Alexandra_Garcia_6_at_38_off_f00150,train,data/videos/drive_extra/ItalyPro_SanGervasioD2_ProWomen__Alexandra_Garcia_6_at_38_off.mp4,150,0
ItalyPro_SanGervasioD2_ProWomen__Alexandra_Garcia_6_at_38_off_f00156,train,data/videos/drive_extra/ItalyPro_SanGervasioD2_ProWomen__Alexandra_Garcia_6_at_38_off.mp4,156,0
ItalyPro_SanGervasioD2_ProWomen__Alexandra_Garcia_6_at_38_off_f00162,train,data/videos/drive_extra/ItalyPro_SanGervasioD2_ProWomen__Alexandra_Garcia_6_at_38_off.mp4,162,0
ItalyPro_SanGervasioD2_ProWomen__Alexandra_Garcia_6_at_38_off_f00168,train,data/videos/drive_extra/ItalyPro_SanGervasioD2_ProWomen__Alexandra_Garcia_6_at_38_off.mp4,168,0
ItalyPro_SanGervasioD2_ProWomen__Alexandra_Garcia_6_at_38_off_f00174,train,data/videos/drive_extra/ItalyPro_SanGervasioD2_ProWomen__Alexandra_Garcia_6_at_38_off.mp4,174,0
ItalyPro_SanGervasioD2_ProWomen__Alexandra_Garcia_6_at_38_off_f00180,train,data/videos/drive_extra/ItalyPro_SanGervasioD2_ProWomen__Alexandra_Garcia_6_at_38_off.mp4,180,0
ItalyPro_SanGervasioD2_ProWomen__Alexandra_Garcia_6_at_38_off_f00186,train,data/videos/drive_extra/ItalyPro_SanGervasioD2_ProWomen__Alexandra_Garcia_6_at_38_off.mp4,186,0
ItalyPro_SanGervasioD2_ProWomen__Alexandra_Garcia_6_at_38_off_f00192,train,data/videos/drive_extra/ItalyPro_SanGervasioD2_ProWomen__Alexandra_Garcia_6_at_38_off.mp4,192,1
ItalyPro_SanGervasioD2_ProWomen__Alexandra_Garcia_6_at_38_off_f00198,train,data/videos/drive_extra/ItalyPro_SanGervasioD2_ProWomen__Alexandra_Garcia_6_at_38_off.mp4,198,0
ItalyPro_SanGervasioD2_ProWomen__Alexandra_Garcia_6_at_38_off_f00204,train,data/videos/drive_extra/ItalyPro_SanGervasioD2_ProWomen__Alexandra_Garcia_6_at_38_off.mp4,204,0
ItalyPro_SanGervasioD2_ProWomen__Alexandra_Garcia_6_at_38_off_f00210,train,data/videos/drive_extra/ItalyPro_SanGervasioD2_ProWomen__Alexandra_Garcia_6_at_38_off.mp4,210,0
ItalyPro_SanGervasioD2_ProWomen__Alexandra_Garcia_6_at_38_off_f00216,train,data/videos/drive_extra/ItalyPro_SanGervasioD2_ProWomen__Alexandra_Garcia_6_at_38_off.mp4,216,0
ItalyPro_SanGervasioD2_ProWomen__Alexandra_Garcia_6_at_38_off_f00222,train,data/videos/drive_extra/ItalyPro_SanGervasioD2_ProWomen__Alexandra_Garcia_6_at_38_off.mp4,222,0
ItalyPro_SanGervasioD2_ProWomen__Alexandra_Garcia_6_at_38_off_f00228,train,data/videos/drive_extra/ItalyPro_SanGervasioD2_ProWomen__Alexandra_Garcia_6_at_38_off.mp4,228,0
ItalyPro_SanGervasioD2_ProWomen__Alexandra_Garcia_6_at_38_off_f00234,train,data/videos/drive_extra/ItalyPro_SanGervasioD2_ProWomen__Alexandra_Garcia_6_at_38_off.mp4,234,0
ItalyPro_SanGervasioD2_ProWomen__Alexandra_Garcia_6_at_38_off_f00240,train,data/videos/drive_extra/ItalyPro_SanGervasioD2_ProWomen__Alexandra_Garcia_6_at_38_off.mp4,240,1
ItalyPro_SanGervasioD2_ProWomen__Alexandra_Garcia_6_at_38_off_f00246,train,data/videos/drive_extra/ItalyPro_SanGervasioD2_ProWomen__Alexandra_Garcia_6_at_38_off.mp4,246,0
ItalyPro_SanGervasioD2_ProWomen__Alexandra_Garcia_6_at_38_off_f00252,train,data/videos/drive_extra/ItalyPro_SanGervasioD2_ProWomen__Alexandra_Garcia_6_at_38_off.mp4,252,1
ItalyPro_SanGervasioD2_ProWomen__Alexandra_Garcia_6_at_38_off_f00258,train,data/videos/drive_extra/ItalyPro_SanGervasioD2_ProWomen__Alexandra_Garcia_6_at_38_off.mp4,258,2
ItalyPro_SanGervasioD2_ProWomen__Alexandra_Garcia_6_at_38_off_f00264,train,data/videos/drive_extra/ItalyPro_SanGervasioD2_ProWomen__Alexandra_Garcia_6_at_38_off.mp4,264,0
ItalyPro_SanGervasioD2_ProWomen__Alexandra_Garcia_6_at_38_off_f00270,train,data/videos/drive_extra/ItalyPro_SanGervasioD2_ProWomen__Alexandra_Garcia_6_at_38_off.mp4,270,0
ItalyPro_SanGervasioD2_ProWomen__Alexandra_Garcia_6_at_38_off_f00276,train,data/videos/drive_extra/ItalyPro_SanGervasioD2_ProWomen__Alexandra_Garcia_6_at_38_off.mp4,276,0
ItalyPro_SanGervasioD2_ProWomen__Alexandra_Garcia_6_at_38_off_f00282,train,data/videos/drive_extra/ItalyPro_SanGervasioD2_ProWomen__Alexandra_Garcia_6_at_38_off.mp4,282,0
ItalyPro_SanGervasioD2_ProWomen__Alexandra_Garcia_6_at_38_off_f00288,train,data/videos/drive_extra/ItalyPro_SanGervasioD2_ProWomen__Alexandra_Garcia_6_at_38_off.mp4,288,0
ItalyPro_SanGervasioD2_ProWomen__Alexandra_Garcia_6_at_38_off_f00294,train,data/videos/drive_extra/ItalyPro_SanGervasioD2_ProWomen__Alexandra_Garcia_6_at_38_off.mp4,294,0
ItalyPro_SanGervasioD2_ProWomen__Alexandra_Garcia_6_at_38_off_f00300,train,data/videos/drive_extra/ItalyPro_SanGervasioD2_ProWomen__Alexandra_Garcia_6_at_38_off.mp4,300,0
ItalyPro_SanGervasioD2_ProWomen__Alexandra_Garcia_6_at_38_off_f00306,train,data/videos/drive_extra/ItalyPro_SanGervasioD2_ProWomen__Alexandra_Garcia_6_at_38_off.mp4,306,0
ItalyPro_SanGervasioD2_ProWomen__Alexandra_Garcia_6_at_38_off_f00312,train,data/videos/drive_extra/ItalyPro_SanGervasioD2_ProWomen__Alexandra_Garcia_6_at_38_off.mp4,312,0
ItalyPro_SanGervasioD2_ProWomen__Alexandra_Garcia_6_at_38_off_f00318,train,data/videos/drive_extra/ItalyPro_SanGervasioD2_ProWomen__Alexandra_Garcia_6_at_38_off.mp4,318,0
ItalyPro_SanGervasioD2_ProWomen__Alexandra_Garcia_6_at_38_off_f00324,train,data/videos/drive_extra/ItalyPro_SanGervasioD2_ProWomen__Alexandra_Garcia_6_at_38_off.mp4,324,0
ItalyPro_SanGervasioD2_ProWomen__Alexandra_Garcia_6_at_38_off_f00330,train,data/videos/drive_extra/ItalyPro_SanGervasioD2_ProWomen__Alexandra_Garcia_6_at_38_off.mp4,330,0
ItalyPro_SanGervasioD2_ProWomen__Alexandra_Garcia_6_at_38_off_f00336,train,data/videos/drive_extra/ItalyPro_SanGervasioD2_ProWomen__Alexandra_Garcia_6_at_38_off.mp4,336,1
ItalyPro_SanGervasioD2_ProWomen__Alexandra_Garcia_6_at_38_off_f00342,train,data/videos/drive_extra/ItalyPro_SanGervasioD2_ProWomen__Alexandra_Garcia_6_at_38_off.mp4,342,0
ItalyPro_SanGervasioD2_ProWomen__Alexandra_Garcia_6_at_38_off_f00348,train,data/videos/drive_extra/ItalyPro_SanGervasioD2_ProWomen__Alexandra_Garcia_6_at_38_off.mp4,348,1
ItalyPro_SanGervasioD2_ProWomen__Alexandra_Garcia_6_at_38_off_f00354,train,data/videos/drive_extra/ItalyPro_SanGervasioD2_ProWomen__Alexandra_Garcia_6_at_38_off.mp4,354,1
ItalyPro_SanGervasioD2_ProWomen__Alexandra_Garcia_6_at_38_off_f00360,train,data/videos/drive_extra/ItalyPro_SanGervasioD2_ProWomen__Alexandra_Garcia_6_at_38_off.mp4,360,0
ItalyPro_SanGervasioD2_ProWomen__Alexandra_Garcia_6_at_38_off_f00366,train,data/videos/drive_extra/ItalyPro_SanGervasioD2_ProWomen__Alexandra_Garcia_6_at_38_off.mp4,366,0
ItalyPro_SanGervasioD2_ProWomen__Alexandra_Garcia_6_at_38_off_f00372,train,data/videos/drive_extra/ItalyPro_SanGervasioD2_ProWomen__Alexandra_Garcia_6_at_38_off.mp4,372,2
ItalyPro_SanGervasioD2_ProWomen__Alexandra_Garcia_6_at_38_off_f00378,train,data/videos/drive_extra/ItalyPro_SanGervasioD2_ProWomen__Alexandra_Garcia_6_at_38_off.mp4,378,2
ItalyPro_SanGervasioD2_ProWomen__Alexandra_Garcia_6_at_38_off_f00384,train,data/videos/drive_extra/ItalyPro_SanGervasioD2_ProWomen__Alexandra_Garcia_6_at_38_off.mp4,384,2
ItalyPro_SanGervasioD2_ProWomen__Alexandra_Garcia_6_at_38_off_f00390,train,data/videos/drive_extra/ItalyPro_SanGervasioD2_ProWomen__Alexandra_Garcia_6_at_38_off.mp4,390,1
ItalyPro_SanGervasioD2_ProWomen__Alexandra_Garcia_6_at_38_off_f00396,train,data/videos/drive_extra/ItalyPro_SanGervasioD2_ProWomen__Alexandra_Garcia_6_at_38_off.mp4,396,0
ItalyPro_SanGervasioD2_ProWomen__Alexandra_Garcia_6_at_38_off_f00402,train,data/videos/drive_extra/ItalyPro_SanGervasioD2_ProWomen__Alexandra_Garcia_6_at_38_off.mp4,402,0
ItalyPro_SanGervasioD2_ProWomen__Alexandra_Garcia_6_at_38_off_f00408,train,data/videos/drive_extra/ItalyPro_SanGervasioD2_ProWomen__Alexandra_Garcia_6_at_38_off.mp4,408,0
ItalyPro_SanGervasioD2_ProWomen__Alexandra_Garcia_6_at_38_off_f00414,train,data/videos/drive_extra/ItalyPro_SanGervasioD2_ProWomen__Alexandra_Garcia_6_at_38_off.mp4,414,0
ItalyPro_SanGervasioD2_ProWomen__Alexandra_Garcia_6_at_38_off_f00420,train,data/videos/drive_extra/ItalyPro_SanGervasioD2_ProWomen__Alexandra_Garcia_6_at_38_off.mp4,420,0
ItalyPro_SanGervasioD2_ProWomen__Alexandra_Garcia_6_at_38_off_f00426,train,data/videos/drive_extra/ItalyPro_SanGervasioD2_ProWomen__Alexandra_Garcia_6_at_38_off.mp4,426,0
ItalyPro_SanGervasioD2_ProWomen__Alexandra_Garcia_6_at_38_off_f00432,train,data/videos/drive_extra/ItalyPro_SanGervasioD2_ProWomen__Alexandra_Garcia_6_at_38_off.mp4,432,0
ItalyPro_SanGervasioD2_ProWomen__Alexandra_Garcia_6_at_38_off_f00438,train,data/videos/drive_extra/ItalyPro_SanGervasioD2_ProWomen__Alexandra_Garcia_6_at_38_off.mp4,438,0
ItalyPro_SanGervasioD2_ProWomen__Alexandra_Garcia_6_at_38_off_f00444,train,data/videos/drive_extra/ItalyPro_SanGervasioD2_ProWomen__Alexandra_Garcia_6_at_38_off.mp4,444,0
ItalyPro_SanGervasioD2_ProWomen__Alexandra_Garcia_6_at_38_off_f00450,train,data/videos/drive_extra/ItalyPro_SanGervasioD2_ProWomen__Alexandra_Garcia_6_at_38_off.mp4,450,1
ItalyPro_SanGervasioD2_ProWomen__Alexandra_Garcia_6_at_38_off_f00456,train,data/videos/drive_extra/ItalyPro_SanGervasioD2_ProWomen__Alexandra_Garcia_6_at_38_off.mp4,456,2
ItalyPro_SanGervasioD2_ProWomen__Alexandra_Garcia_6_at_38_off_f00462,train,data/videos/drive_extra/ItalyPro_SanGervasioD2_ProWomen__Alexandra_Garcia_6_at_38_off.mp4,462,2
ItalyPro_SanGervasioD2_ProWomen__Alexandra_Garcia_6_at_38_off_f00468,train,data/videos/drive_extra/ItalyPro_SanGervasioD2_ProWomen__Alexandra_Garcia_6_at_38_off.mp4,468,2
ItalyPro_SanGervasioD2_ProWomen__Alexandra_Garcia_6_at_38_off_f00474,train,data/videos/drive_extra/ItalyPro_SanGervasioD2_ProWomen__Alexandra_Garcia_6_at_38_off.mp4,474,2
ItalyPro_SanGervasioD2_ProWomen__Alexandra_Garcia_6_at_38_off_f00480,train,data/videos/drive_extra/ItalyPro_SanGervasioD2_ProWomen__Alexandra_Garcia_6_at_38_off.mp4,480,0
ItalyPro_SanGervasioD2_ProWomen__Alexandra_Garcia_6_at_38_off_f00486,train,data/videos/drive_extra/ItalyPro_SanGervasioD2_ProWomen__Alexandra_Garcia_6_at_38_off.mp4,486,0
ItalyPro_SanGervasioD2_ProWomen__Alexandra_Garcia_6_at_38_off_f00492,train,data/videos/drive_extra/ItalyPro_SanGervasioD2_ProWomen__Alexandra_Garcia_6_at_38_off.mp4,492,1
ItalyPro_SanGervasioD2_ProWomen__Alexandra_Garcia_6_at_38_off_f00498,train,data/videos/drive_extra/ItalyPro_SanGervasioD2_ProWomen__Alexandra_Garcia_6_at_38_off.mp4,498,1
ItalyPro_SanGervasioD2_ProWomen__Alexandra_Garcia_6_at_38_off_f00504,train,data/videos/drive_extra/ItalyPro_SanGervasioD2_ProWomen__Alexandra_Garcia_6_at_38_off.mp4,504,1
ItalyPro_SanGervasioD2_ProWomen__Alexandra_Garcia_6_at_38_off_f00510,train,data/videos/drive_extra/ItalyPro_SanGervasioD2_ProWomen__Alexandra_Garcia_6_at_38_off.mp4,510,1
ItalyPro_SanGervasioD2_ProWomen__Alexandra_Garcia_6_at_38_off_f00516,train,data/videos/drive_extra/ItalyPro_SanGervasioD2_ProWomen__Alexandra_Garcia_6_at_38_off.mp4,516,1
ItalyPro_SanGervasioD2_ProWomen__Alexandra_Garcia_6_at_38_off_f00522,train,data/videos/drive_extra/ItalyPro_SanGervasioD2_ProWomen__Alexandra_Garcia_6_at_38_off.mp4,522,0
ItalyPro_SanGervasioD2_ProWomen__Alexandra_Garcia_6_at_38_off_f00528,train,data/videos/drive_extra/ItalyPro_SanGervasioD2_ProWomen__Alexandra_Garcia_6_at_38_off.mp4,528,1
ItalyPro_SanGervasioD2_ProWomen__Alexandra_Garcia_6_at_38_off_f00534,train,data/videos/drive_extra/ItalyPro_SanGervasioD2_ProWomen__Alexandra_Garcia_6_at_38_off.mp4,534,2
ItalyPro_SanGervasioD2_ProWomen__Alexandra_Garcia_6_at_38_off_f00540,train,data/videos/drive_extra/ItalyPro_SanGervasioD2_ProWomen__Alexandra_Garcia_6_at_38_off.mp4,540,2
ItalyPro_SanGervasioD2_ProWomen__Alexandra_Garcia_6_at_38_off_f00546,train,data/videos/drive_extra/ItalyPro_SanGervasioD2_ProWomen__Alexandra_Garcia_6_at_38_off.mp4,546,2
ItalyPro_SanGervasioD2_ProWomen__Alexandra_Garcia_6_at_38_off_f00552,train,data/videos/drive_extra/ItalyPro_SanGervasioD2_ProWomen__Alexandra_Garcia_6_at_38_off.mp4,552,1
ItalyPro_SanGervasioD2_ProWomen__Alexandra_Garcia_6_at_38_off_f00558,train,data/videos/drive_extra/ItalyPro_SanGervasioD2_ProWomen__Alexandra_Garcia_6_at_38_off.mp4,558,0
ItalyPro_SanGervasioD2_ProWomen__Alexandra_Garcia_6_at_38_off_f00564,train,data/videos/drive_extra/ItalyPro_SanGervasioD2_ProWomen__Alexandra_Garcia_6_at_38_off.mp4,564,0
ItalyPro_SanGervasioD2_ProWomen__Alexandra_Garcia_6_at_38_off_f00570,train,data/videos/drive_extra/ItalyPro_SanGervasioD2_ProWomen__Alexandra_Garcia_6_at_38_off.mp4,570,0
ItalyPro_SanGervasioD2_ProWomen__Alexandra_Garcia_6_at_38_off_f00576,train,data/videos/drive_extra/ItalyPro_SanGervasioD2_ProWomen__Alexandra_Garcia_6_at_38_off.mp4,576,1
ItalyPro_SanGervasioD2_ProWomen__Alexandra_Garcia_6_at_38_off_f00582,train,data/videos/drive_extra/ItalyPro_SanGervasioD2_ProWomen__Alexandra_Garcia_6_at_38_off.mp4,582,0
ItalyPro_SanGervasioD2_ProWomen__Alexandra_Garcia_6_at_38_off_f00588,train,data/videos/drive_extra/ItalyPro_SanGervasioD2_ProWomen__Alexandra_Garcia_6_at_38_off.mp4,588,2
ItalyPro_SanGervasioD2_ProWomen__Alexandra_Garcia_6_at_38_off_f00594,train,data/videos/drive_extra/ItalyPro_SanGervasioD2_ProWomen__Alexandra_Garcia_6_at_38_off.mp4,594,1
ItalyPro_SanGervasioD2_ProWomen__Alexandra_Garcia_6_at_38_off_f00600,train,data/videos/drive_extra/ItalyPro_SanGervasioD2_ProWomen__Alexandra_Garcia_6_at_38_off.mp4,600,1
ItalyPro_SanGervasioD2_ProWomen__Alexandra_Garcia_6_at_38_off_f00606,train,data/videos/drive_extra/ItalyPro_SanGervasioD2_ProWomen__Alexandra_Garcia_6_at_38_off.mp4,606,1
ItalyPro_SanGervasioD2_ProWomen__Alexandra_Garcia_6_at_38_off_f00612,train,data/videos/drive_extra/ItalyPro_SanGervasioD2_ProWomen__Alexandra_Garcia_6_at_38_off.mp4,612,2
ItalyPro_SanGervasioD2_ProWomen__Alexandra_Garcia_6_at_38_off_f00618,train,data/videos/drive_extra/ItalyPro_SanGervasioD2_ProWomen__Alexandra_Garcia_6_at_38_off.mp4,618,2
ItalyPro_SanGervasioD2_ProWomen__Alexandra_Garcia_6_at_38_off_f00624,train,data/videos/drive_extra/ItalyPro_SanGervasioD2_ProWomen__Alexandra_Garcia_6_at_38_off.mp4,624,2
ItalyPro_SanGervasioD2_ProWomen__Alexandra_Garcia_6_at_38_off_f00630,train,data/videos/drive_extra/ItalyPro_SanGervasioD2_ProWomen__Alexandra_Garcia_6_at_38_off.mp4,630,2
ItalyPro_SanGervasioD2_ProWomen__Alexandra_Garcia_6_at_38_off_f00636,train,data/videos/drive_extra/ItalyPro_SanGervasioD2_ProWomen__Alexandra_Garcia_6_at_38_off.mp4,636,1
ItalyPro_SanGervasioD2_ProWomen__Alexandra_Garcia_6_at_38_off_f00642,train,data/videos/drive_extra/ItalyPro_SanGervasioD2_ProWomen__Alexandra_Garcia_6_at_38_off.mp4,642,0
ItalyPro_SanGervasioD2_ProWomen__Alexandra_Garcia_6_at_38_off_f00648,train,data/videos/drive_extra/ItalyPro_SanGervasioD2_ProWomen__Alexandra_Garcia_6_at_38_off.mp4,648,0
ItalyPro_SanGervasioD2_ProWomen__Alexandra_Garcia_6_at_38_off_f00654,train,data/videos/drive_extra/ItalyPro_SanGervasioD2_ProWomen__Alexandra_Garcia_6_at_38_off.mp4,654,0
ItalyPro_SanGervasioD2_ProWomen__Alexandra_Garcia_6_at_38_off_f00660,train,data/videos/drive_extra/ItalyPro_SanGervasioD2_ProWomen__Alexandra_Garcia_6_at_38_off.mp4,660,1
ItalyPro_SanGervasioD2_ProWomen__Alexandra_Garcia_6_at_38_off_f00666,train,data/videos/drive_extra/ItalyPro_SanGervasioD2_ProWomen__Alexandra_Garcia_6_at_38_off.mp4,666,0
ItalyPro_SanGervasioD2_ProWomen__Alexandra_Garcia_6_at_38_off_f00672,train,data/videos/drive_extra/ItalyPro_SanGervasioD2_ProWomen__Alexandra_Garcia_6_at_38_off.mp4,672,1
ItalyPro_SanGervasioD2_ProWomen__Alexandra_Garcia_6_at_38_off_f00678,train,data/videos/drive_extra/ItalyPro_SanGervasioD2_ProWomen__Alexandra_Garcia_6_at_38_off.mp4,678,1
ItalyPro_SanGervasioD2_ProWomen__Alexandra_Garcia_6_at_38_off_f00684,train,data/videos/drive_extra/ItalyPro_SanGervasioD2_ProWomen__Alexandra_Garcia_6_at_38_off.mp4,684,1
ItalyPro_SanGervasioD2_ProWomen__Alexandra_Garcia_6_at_38_off_f00690,train,data/videos/drive_extra/ItalyPro_SanGervasioD2_ProWomen__Alexandra_Garcia_6_at_38_off.mp4,690,0
ItalyPro_SanGervasioD2_ProWomen__Alexandra_Garcia_6_at_38_off_f00696,train,data/videos/drive_extra/ItalyPro_SanGervasioD2_ProWomen__Alexandra_Garcia_6_at_38_off.mp4,696,2
ItalyPro_SanGervasioD2_ProWomen__Alexandra_Garcia_6_at_38_off_f00702,train,data/videos/drive_extra/ItalyPro_SanGervasioD2_ProWomen__Alexandra_Garcia_6_at_38_off.mp4,702,2
ItalyPro_SanGervasioD2_ProWomen__Alexandra_Garcia_6_at_38_off_f00708,train,data/videos/drive_extra/ItalyPro_SanGervasioD2_ProWomen__Alexandra_Garcia_6_at_38_off.mp4,708,2
ItalyPro_SanGervasioD2_ProWomen__Alexandra_Garcia_6_at_38_off_f00714,train,data/videos/drive_extra/ItalyPro_SanGervasioD2_ProWomen__Alexandra_Garcia_6_at_38_off.mp4,714,2
ItalyPro_SanGervasioD2_ProWomen__Alexandra_Garcia_6_at_38_off_f00720,train,data/videos/drive_extra/ItalyPro_SanGervasioD2_ProWomen__Alexandra_Garcia_6_at_38_off.mp4,720,2
ItalyPro_SanGervasioD2_ProWomen__Alexandra_Garcia_6_at_38_off_f00726,train,data/videos/drive_extra/ItalyPro_SanGervasioD2_ProWomen__Alexandra_Garcia_6_at_38_off.mp4,726,0
ItalyPro_SanGervasioD2_ProWomen__Alexandra_Garcia_6_at_38_off_f00732,train,data/videos/drive_extra/ItalyPro_SanGervasioD2_ProWomen__Alexandra_Garcia_6_at_38_off.mp4,732,0
ItalyPro_SanGervasioD2_ProWomen__Alexandra_Garcia_6_at_38_off_f00738,train,data/videos/drive_extra/ItalyPro_SanGervasioD2_ProWomen__Alexandra_Garcia_6_at_38_off.mp4,738,1
ItalyPro_SanGervasioD2_ProWomen__Alexandra_Garcia_6_at_38_off_f00744,train,data/videos/drive_extra/ItalyPro_SanGervasioD2_ProWomen__Alexandra_Garcia_6_at_38_off.mp4,744,12
ItalyPro_SanGervasioD2_ProWomen__Alexandra_Garcia_6_at_38_off_f00750,train,data/videos/drive_extra/ItalyPro_SanGervasioD2_ProWomen__Alexandra_Garcia_6_at_38_off.mp4,750,14
ItalyPro_SanGervasioD2_ProWomen__Alexandra_Garcia_6_at_38_off_f00756,train,data/videos/drive_extra/ItalyPro_SanGervasioD2_ProWomen__Alexandra_Garcia_6_at_38_off.mp4,756,15
ItalyPro_SanGervasioD2_ProWomen__Alexandra_Garcia_6_at_38_off_f00762,train,data/videos/drive_extra/ItalyPro_SanGervasioD2_ProWomen__Alexandra_Garcia_6_at_38_off.mp4,762,17
ItalyPro_SanGervasioD2_ProWomen__Alexandra_Garcia_6_at_38_off_f00768,train,data/videos/drive_extra/ItalyPro_SanGervasioD2_ProWomen__Alexandra_Garcia_6_at_38_off.mp4,768,12
ItalyPro_SanGervasioD2_ProWomen__Alexandra_Garcia_6_at_38_off_f00774,train,data/videos/drive_extra/ItalyPro_SanGervasioD2_ProWomen__Alexandra_Garcia_6_at_38_off.mp4,774,10
ItalyPro_SanGervasioD2_ProWomen__Alexandra_Garcia_6_at_38_off_f00780,train,data/videos/drive_extra/ItalyPro_SanGervasioD2_ProWomen__Alexandra_Garcia_6_at_38_off.mp4,780,10
ItalyPro_SanGervasioD2_ProWomen__Alexandra_Garcia_6_at_38_off_f00786,train,data/videos/drive_extra/ItalyPro_SanGervasioD2_ProWomen__Alexandra_Garcia_6_at_38_off.mp4,786,8
ItalyPro_SanGervasioD2_ProWomen__Alexandra_Garcia_6_at_38_off_f00792,train,data/videos/drive_extra/ItalyPro_SanGervasioD2_ProWomen__Alexandra_Garcia_6_at_38_off.mp4,792,8
ItalyPro_SanGervasioD2_ProWomen__Alexandra_Garcia_6_at_38_off_f00798,train,data/videos/drive_extra/ItalyPro_SanGervasioD2_ProWomen__Alexandra_Garcia_6_at_38_off.mp4,798,8
ItalyPro_SanGervasioD2_ProWomen__Alexandra_Garcia_6_at_38_off_f00804,train,data/videos/drive_extra/ItalyPro_SanGervasioD2_ProWomen__Alexandra_Garcia_6_at_38_off.mp4,804,13
ItalyPro_SanGervasioD2_ProWomen__Alexandra_Garcia_6_at_38_off_f00810,train,data/videos/drive_extra/ItalyPro_SanGervasioD2_ProWomen__Alexandra_Garcia_6_at_38_off.mp4,810,12
ItalyPro_SanGervasioD2_ProWomen__Alexandra_Garcia_6_at_38_off_f00816,train,data/videos/drive_extra/ItalyPro_SanGervasioD2_ProWomen__Alexandra_Garcia_6_at_38_off.mp4,816,13
ItalyPro_SanGervasioD2_ProWomen__Alexandra_Garcia_6_at_38_off_f00822,train,data/videos/drive_extra/ItalyPro_SanGervasioD2_ProWomen__Alexandra_Garcia_6_at_38_off.mp4,822,12
ItalyPro_SanGervasioD2_ProWomen__Alexandra_Garcia_6_at_38_off_f00828,train,data/videos/drive_extra/ItalyPro_SanGervasioD2_ProWomen__Alexandra_Garcia_6_at_38_off.mp4,828,5
ItalyPro_SanGervasioD2_ProWomen__Alexandra_Garcia_6_at_38_off_f00834,train,data/videos/drive_extra/ItalyPro_SanGervasioD2_ProWomen__Alexandra_Garcia_6_at_38_off.mp4,834,10
ItalyPro_SanGervasioD2_ProWomen__Alexandra_Garcia_6_at_38_off_f00840,train,data/videos/drive_extra/ItalyPro_SanGervasioD2_ProWomen__Alexandra_Garcia_6_at_38_off.mp4,840,11
ItalyPro_SanGervasioD2_ProWomen__Alexandra_Garcia_6_at_38_off_f00846,train,data/videos/drive_extra/ItalyPro_SanGervasioD2_ProWomen__Alexandra_Garcia_6_at_38_off.mp4,846,15
ItalyPro_SanGervasioD2_ProWomen__Alexandra_Garcia_6_at_38_off_f00852,train,data/videos/drive_extra/ItalyPro_SanGervasioD2_ProWomen__Alexandra_Garcia_6_at_38_off.mp4,852,15
ItalyPro_SanGervasioD2_ProWomen__Alexandra_Garcia_6_at_38_off_f00858,train,data/videos/drive_extra/ItalyPro_SanGervasioD2_ProWomen__Alexandra_Garcia_6_at_38_off.mp4,858,12
ItalyPro_SanGervasioD2_ProWomen__Alexandra_Garcia_6_at_38_off_f00864,train,data/videos/drive_extra/ItalyPro_SanGervasioD2_ProWomen__Alexandra_Garcia_6_at_38_off.mp4,864,12
Damir_Filaretov_1_at_39.5_off_close_call_f00000,train,data/videos/front_view/Damir Filaretov 1 at 39.5 off (close call).mp4,0,0
Damir_Filaretov_1_at_39.5_off_close_call_f00006,train,data/videos/front_view/Damir Filaretov 1 at 39.5 off (close call).mp4,6,0
Damir_Filaretov_1_at_39.5_off_close_call_f00012,train,data/videos/front_view/Damir Filaretov 1 at 39.5 off (close call).mp4,12,0
Damir_Filaretov_1_at_39.5_off_close_call_f00018,train,data/videos/front_view/Damir Filaretov 1 at 39.5 off (close call).mp4,18,0
Damir_Filaretov_1_at_39.5_off_close_call_f00024,train,data/videos/front_view/Damir Filaretov 1 at 39.5 off (close call).mp4,24,0
Damir_Filaretov_1_at_39.5_off_close_call_f00030,train,data/videos/front_view/Damir Filaretov 1 at 39.5 off (close call).mp4,30,0
Damir_Filaretov_1_at_39.5_off_close_call_f00036,train,data/videos/front_view/Damir Filaretov 1 at 39.5 off (close call).mp4,36,0
Damir_Filaretov_1_at_39.5_off_close_call_f00042,train,data/videos/front_view/Damir Filaretov 1 at 39.5 off (close call).mp4,42,0
Damir_Filaretov_1_at_39.5_off_close_call_f00048,train,data/videos/front_view/Damir Filaretov 1 at 39.5 off (close call).mp4,48,0
Damir_Filaretov_1_at_39.5_off_close_call_f00054,train,data/videos/front_view/Damir Filaretov 1 at 39.5 off (close call).mp4,54,0
Damir_Filaretov_1_at_39.5_off_close_call_f00060,train,data/videos/front_view/Damir Filaretov 1 at 39.5 off (close call).mp4,60,0
Damir_Filaretov_1_at_39.5_off_close_call_f00066,train,data/videos/front_view/Damir Filaretov 1 at 39.5 off (close call).mp4,66,0
Damir_Filaretov_1_at_39.5_off_close_call_f00072,train,data/videos/front_view/Damir Filaretov 1 at 39.5 off (close call).mp4,72,0
Damir_Filaretov_1_at_39.5_off_close_call_f00078,train,data/videos/front_view/Damir Filaretov 1 at 39.5 off (close call).mp4,78,0
Damir_Filaretov_1_at_39.5_off_close_call_f00084,train,data/videos/front_view/Damir Filaretov 1 at 39.5 off (close call).mp4,84,0
Damir_Filaretov_1_at_39.5_off_close_call_f00090,train,data/videos/front_view/Damir Filaretov 1 at 39.5 off (close call).mp4,90,0
Damir_Filaretov_1_at_39.5_off_close_call_f00096,train,data/videos/front_view/Damir Filaretov 1 at 39.5 off (close call).mp4,96,0
Damir_Filaretov_1_at_39.5_off_close_call_f00102,train,data/videos/front_view/Damir Filaretov 1 at 39.5 off (close call).mp4,102,0
Damir_Filaretov_1_at_39.5_off_close_call_f00108,train,data/videos/front_view/Damir Filaretov 1 at 39.5 off (close call).mp4,108,0
Damir_Filaretov_1_at_39.5_off_close_call_f00114,train,data/videos/front_view/Damir Filaretov 1 at 39.5 off (close call).mp4,114,0
Damir_Filaretov_1_at_39.5_off_close_call_f00120,train,data/videos/front_view/Damir Filaretov 1 at 39.5 off (close call).mp4,120,0
Damir_Filaretov_1_at_39.5_off_close_call_f00126,train,data/videos/front_view/Damir Filaretov 1 at 39.5 off (close call).mp4,126,0
Damir_Filaretov_1_at_39.5_off_close_call_f00132,train,data/videos/front_view/Damir Filaretov 1 at 39.5 off (close call).mp4,132,0
Damir_Filaretov_1_at_39.5_off_close_call_f00138,train,data/videos/front_view/Damir Filaretov 1 at 39.5 off (close call).mp4,138,0
Damir_Filaretov_1_at_39.5_off_close_call_f00144,train,data/videos/front_view/Damir Filaretov 1 at 39.5 off (close call).mp4,144,0
Damir_Filaretov_1_at_39.5_off_close_call_f00150,train,data/videos/front_view/Damir Filaretov 1 at 39.5 off (close call).mp4,150,0
Damir_Filaretov_1_at_39.5_off_close_call_f00156,train,data/videos/front_view/Damir Filaretov 1 at 39.5 off (close call).mp4,156,0
Damir_Filaretov_1_at_39.5_off_close_call_f00162,train,data/videos/front_view/Damir Filaretov 1 at 39.5 off (close call).mp4,162,0
Damir_Filaretov_1_at_39.5_off_close_call_f00168,train,data/videos/front_view/Damir Filaretov 1 at 39.5 off (close call).mp4,168,1
Damir_Filaretov_1_at_39.5_off_close_call_f00174,train,data/videos/front_view/Damir Filaretov 1 at 39.5 off (close call).mp4,174,1
Damir_Filaretov_1_at_39.5_off_close_call_f00180,train,data/videos/front_view/Damir Filaretov 1 at 39.5 off (close call).mp4,180,0
Damir_Filaretov_1_at_39.5_off_close_call_f00186,train,data/videos/front_view/Damir Filaretov 1 at 39.5 off (close call).mp4,186,0
Damir_Filaretov_1_at_39.5_off_close_call_f00192,train,data/videos/front_view/Damir Filaretov 1 at 39.5 off (close call).mp4,192,0
Damir_Filaretov_1_at_39.5_off_close_call_f00198,train,data/videos/front_view/Damir Filaretov 1 at 39.5 off (close call).mp4,198,0
Damir_Filaretov_1_at_39.5_off_close_call_f00204,train,data/videos/front_view/Damir Filaretov 1 at 39.5 off (close call).mp4,204,0
Damir_Filaretov_1_at_39.5_off_close_call_f00210,train,data/videos/front_view/Damir Filaretov 1 at 39.5 off (close call).mp4,210,0
Damir_Filaretov_1_at_39.5_off_close_call_f00216,train,data/videos/front_view/Damir Filaretov 1 at 39.5 off (close call).mp4,216,0
Damir_Filaretov_1_at_39.5_off_close_call_f00222,train,data/videos/front_view/Damir Filaretov 1 at 39.5 off (close call).mp4,222,0
Damir_Filaretov_1_at_39.5_off_close_call_f00228,train,data/videos/front_view/Damir Filaretov 1 at 39.5 off (close call).mp4,228,0
Damir_Filaretov_1_at_39.5_off_close_call_f00234,train,data/videos/front_view/Damir Filaretov 1 at 39.5 off (close call).mp4,234,0
Damir_Filaretov_1_at_39.5_off_close_call_f00240,train,data/videos/front_view/Damir Filaretov 1 at 39.5 off (close call).mp4,240,0
Damir_Filaretov_1_at_39.5_off_close_call_f00246,train,data/videos/front_view/Damir Filaretov 1 at 39.5 off (close call).mp4,246,0
Damir_Filaretov_1_at_39.5_off_close_call_f00252,train,data/videos/front_view/Damir Filaretov 1 at 39.5 off (close call).mp4,252,0
Damir_Filaretov_1_at_39.5_off_close_call_f00258,train,data/videos/front_view/Damir Filaretov 1 at 39.5 off (close call).mp4,258,0
Damir_Filaretov_1_at_39.5_off_close_call_f00264,train,data/videos/front_view/Damir Filaretov 1 at 39.5 off (close call).mp4,264,0
Damir_Filaretov_1_at_39.5_off_close_call_f00270,train,data/videos/front_view/Damir Filaretov 1 at 39.5 off (close call).mp4,270,0
Damir_Filaretov_1_at_39.5_off_close_call_f00276,train,data/videos/front_view/Damir Filaretov 1 at 39.5 off (close call).mp4,276,0
Damir_Filaretov_1_at_39.5_off_close_call_f00282,train,data/videos/front_view/Damir Filaretov 1 at 39.5 off (close call).mp4,282,0
Damir_Filaretov_1_at_39.5_off_close_call_f00288,train,data/videos/front_view/Damir Filaretov 1 at 39.5 off (close call).mp4,288,0
Damir_Filaretov_1_at_39.5_off_close_call_f00294,train,data/videos/front_view/Damir Filaretov 1 at 39.5 off (close call).mp4,294,0
Damir_Filaretov_1_at_39.5_off_close_call_f00300,train,data/videos/front_view/Damir Filaretov 1 at 39.5 off (close call).mp4,300,0
Damir_Filaretov_1_at_39.5_off_close_call_f00306,train,data/videos/front_view/Damir Filaretov 1 at 39.5 off (close call).mp4,306,0
Damir_Filaretov_1_at_39.5_off_close_call_f00312,train,data/videos/front_view/Damir Filaretov 1 at 39.5 off (close call).mp4,312,0
Damir_Filaretov_1_at_39.5_off_close_call_f00318,train,data/videos/front_view/Damir Filaretov 1 at 39.5 off (close call).mp4,318,0
Damir_Filaretov_1_at_39.5_off_close_call_f00324,train,data/videos/front_view/Damir Filaretov 1 at 39.5 off (close call).mp4,324,0
Damir_Filaretov_1_at_39.5_off_close_call_f00330,train,data/videos/front_view/Damir Filaretov 1 at 39.5 off (close call).mp4,330,1
Damir_Filaretov_1_at_39.5_off_close_call_f00336,train,data/videos/front_view/Damir Filaretov 1 at 39.5 off (close call).mp4,336,1
Damir_Filaretov_1_at_39.5_off_close_call_f00342,train,data/videos/front_view/Damir Filaretov 1 at 39.5 off (close call).mp4,342,1
Damir_Filaretov_1_at_39.5_off_close_call_f00348,train,data/videos/front_view/Damir Filaretov 1 at 39.5 off (close call).mp4,348,0
Damir_Filaretov_1_at_39.5_off_close_call_f00354,train,data/videos/front_view/Damir Filaretov 1 at 39.5 off (close call).mp4,354,0
Damir_Filaretov_1_at_39.5_off_close_call_f00360,train,data/videos/front_view/Damir Filaretov 1 at 39.5 off (close call).mp4,360,0
Damir_Filaretov_1_at_39.5_off_close_call_f00366,train,data/videos/front_view/Damir Filaretov 1 at 39.5 off (close call).mp4,366,0
Damir_Filaretov_1_at_39.5_off_close_call_f00372,train,data/videos/front_view/Damir Filaretov 1 at 39.5 off (close call).mp4,372,0
Damir_Filaretov_1_at_39.5_off_close_call_f00378,train,data/videos/front_view/Damir Filaretov 1 at 39.5 off (close call).mp4,378,0
Damir_Filaretov_1_at_39.5_off_close_call_f00384,train,data/videos/front_view/Damir Filaretov 1 at 39.5 off (close call).mp4,384,0
Damir_Filaretov_1_at_39.5_off_close_call_f00390,train,data/videos/front_view/Damir Filaretov 1 at 39.5 off (close call).mp4,390,0
Damir_Filaretov_1_at_39.5_off_close_call_f00396,train,data/videos/front_view/Damir Filaretov 1 at 39.5 off (close call).mp4,396,0
Damir_Filaretov_1_at_39.5_off_close_call_f00402,train,data/videos/front_view/Damir Filaretov 1 at 39.5 off (close call).mp4,402,0
Damir_Filaretov_1_at_39.5_off_close_call_f00408,train,data/videos/front_view/Damir Filaretov 1 at 39.5 off (close call).mp4,408,0
Damir_Filaretov_1_at_39.5_off_close_call_f00414,train,data/videos/front_view/Damir Filaretov 1 at 39.5 off (close call).mp4,414,0
Damir_Filaretov_1_at_39.5_off_close_call_f00420,train,data/videos/front_view/Damir Filaretov 1 at 39.5 off (close call).mp4,420,0
Damir_Filaretov_1_at_39.5_off_close_call_f00426,train,data/videos/front_view/Damir Filaretov 1 at 39.5 off (close call).mp4,426,0
Damir_Filaretov_1_at_39.5_off_close_call_f00432,train,data/videos/front_view/Damir Filaretov 1 at 39.5 off (close call).mp4,432,0
Damir_Filaretov_1_at_39.5_off_close_call_f00438,train,data/videos/front_view/Damir Filaretov 1 at 39.5 off (close call).mp4,438,0
Damir_Filaretov_1_at_39.5_off_close_call_f00444,train,data/videos/front_view/Damir Filaretov 1 at 39.5 off (close call).mp4,444,0
Damir_Filaretov_1_at_39.5_off_close_call_f00450,train,data/videos/front_view/Damir Filaretov 1 at 39.5 off (close call).mp4,450,0
Damir_Filaretov_6_at_32_off_f00000,train,data/videos/front_view/Damir Filaretov 6 at 32 off.mp4,0,0
Damir_Filaretov_6_at_32_off_f00006,train,data/videos/front_view/Damir Filaretov 6 at 32 off.mp4,6,0
Damir_Filaretov_6_at_32_off_f00012,train,data/videos/front_view/Damir Filaretov 6 at 32 off.mp4,12,0
Damir_Filaretov_6_at_32_off_f00018,train,data/videos/front_view/Damir Filaretov 6 at 32 off.mp4,18,0
Damir_Filaretov_6_at_32_off_f00024,train,data/videos/front_view/Damir Filaretov 6 at 32 off.mp4,24,0
Damir_Filaretov_6_at_32_off_f00030,train,data/videos/front_view/Damir Filaretov 6 at 32 off.mp4,30,0
Damir_Filaretov_6_at_32_off_f00036,train,data/videos/front_view/Damir Filaretov 6 at 32 off.mp4,36,0
Damir_Filaretov_6_at_32_off_f00042,train,data/videos/front_view/Damir Filaretov 6 at 32 off.mp4,42,0
Damir_Filaretov_6_at_32_off_f00048,train,data/videos/front_view/Damir Filaretov 6 at 32 off.mp4,48,0
Damir_Filaretov_6_at_32_off_f00054,train,data/videos/front_view/Damir Filaretov 6 at 32 off.mp4,54,0
Damir_Filaretov_6_at_32_off_f00060,train,data/videos/front_view/Damir Filaretov 6 at 32 off.mp4,60,0
Damir_Filaretov_6_at_32_off_f00066,train,data/videos/front_view/Damir Filaretov 6 at 32 off.mp4,66,0
Damir_Filaretov_6_at_32_off_f00072,train,data/videos/front_view/Damir Filaretov 6 at 32 off.mp4,72,0
Damir_Filaretov_6_at_32_off_f00078,train,data/videos/front_view/Damir Filaretov 6 at 32 off.mp4,78,0
Damir_Filaretov_6_at_32_off_f00084,train,data/videos/front_view/Damir Filaretov 6 at 32 off.mp4,84,0
Damir_Filaretov_6_at_32_off_f00090,train,data/videos/front_view/Damir Filaretov 6 at 32 off.mp4,90,0
Damir_Filaretov_6_at_32_off_f00096,train,data/videos/front_view/Damir Filaretov 6 at 32 off.mp4,96,0
Damir_Filaretov_6_at_32_off_f00102,train,data/videos/front_view/Damir Filaretov 6 at 32 off.mp4,102,0
Damir_Filaretov_6_at_32_off_f00108,train,data/videos/front_view/Damir Filaretov 6 at 32 off.mp4,108,0
Damir_Filaretov_6_at_32_off_f00114,train,data/videos/front_view/Damir Filaretov 6 at 32 off.mp4,114,0
Damir_Filaretov_6_at_32_off_f00120,train,data/videos/front_view/Damir Filaretov 6 at 32 off.mp4,120,0
Damir_Filaretov_6_at_32_off_f00126,train,data/videos/front_view/Damir Filaretov 6 at 32 off.mp4,126,0
Damir_Filaretov_6_at_32_off_f00132,train,data/videos/front_view/Damir Filaretov 6 at 32 off.mp4,132,0
Damir_Filaretov_6_at_32_off_f00138,train,data/videos/front_view/Damir Filaretov 6 at 32 off.mp4,138,0
Damir_Filaretov_6_at_32_off_f00144,train,data/videos/front_view/Damir Filaretov 6 at 32 off.mp4,144,0
Damir_Filaretov_6_at_32_off_f00150,train,data/videos/front_view/Damir Filaretov 6 at 32 off.mp4,150,0
Damir_Filaretov_6_at_32_off_f00156,train,data/videos/front_view/Damir Filaretov 6 at 32 off.mp4,156,0
Damir_Filaretov_6_at_32_off_f00162,train,data/videos/front_view/Damir Filaretov 6 at 32 off.mp4,162,0
Damir_Filaretov_6_at_32_off_f00168,train,data/videos/front_view/Damir Filaretov 6 at 32 off.mp4,168,0
Damir_Filaretov_6_at_32_off_f00174,train,data/videos/front_view/Damir Filaretov 6 at 32 off.mp4,174,0
Damir_Filaretov_6_at_32_off_f00180,train,data/videos/front_view/Damir Filaretov 6 at 32 off.mp4,180,0
Damir_Filaretov_6_at_32_off_f00186,train,data/videos/front_view/Damir Filaretov 6 at 32 off.mp4,186,0
Damir_Filaretov_6_at_32_off_f00192,train,data/videos/front_view/Damir Filaretov 6 at 32 off.mp4,192,0
Damir_Filaretov_6_at_32_off_f00198,train,data/videos/front_view/Damir Filaretov 6 at 32 off.mp4,198,0
Damir_Filaretov_6_at_32_off_f00204,train,data/videos/front_view/Damir Filaretov 6 at 32 off.mp4,204,0
Damir_Filaretov_6_at_32_off_f00210,train,data/videos/front_view/Damir Filaretov 6 at 32 off.mp4,210,0
Damir_Filaretov_6_at_32_off_f00216,train,data/videos/front_view/Damir Filaretov 6 at 32 off.mp4,216,0
Damir_Filaretov_6_at_32_off_f00222,train,data/videos/front_view/Damir Filaretov 6 at 32 off.mp4,222,0
Damir_Filaretov_6_at_32_off_f00228,train,data/videos/front_view/Damir Filaretov 6 at 32 off.mp4,228,0
Damir_Filaretov_6_at_32_off_f00234,train,data/videos/front_view/Damir Filaretov 6 at 32 off.mp4,234,0
Damir_Filaretov_6_at_32_off_f00240,train,data/videos/front_view/Damir Filaretov 6 at 32 off.mp4,240,0
Damir_Filaretov_6_at_32_off_f00246,train,data/videos/front_view/Damir Filaretov 6 at 32 off.mp4,246,0
Damir_Filaretov_6_at_32_off_f00252,train,data/videos/front_view/Damir Filaretov 6 at 32 off.mp4,252,0
Damir_Filaretov_6_at_32_off_f00258,train,data/videos/front_view/Damir Filaretov 6 at 32 off.mp4,258,0
Damir_Filaretov_6_at_32_off_f00264,train,data/videos/front_view/Damir Filaretov 6 at 32 off.mp4,264,0
Damir_Filaretov_6_at_32_off_f00270,train,data/videos/front_view/Damir Filaretov 6 at 32 off.mp4,270,0
Damir_Filaretov_6_at_32_off_f00276,train,data/videos/front_view/Damir Filaretov 6 at 32 off.mp4,276,1
Damir_Filaretov_6_at_32_off_f00282,train,data/videos/front_view/Damir Filaretov 6 at 32 off.mp4,282,0
Damir_Filaretov_6_at_32_off_f00288,train,data/videos/front_view/Damir Filaretov 6 at 32 off.mp4,288,0
Damir_Filaretov_6_at_32_off_f00294,train,data/videos/front_view/Damir Filaretov 6 at 32 off.mp4,294,0
Damir_Filaretov_6_at_32_off_f00300,train,data/videos/front_view/Damir Filaretov 6 at 32 off.mp4,300,0
Damir_Filaretov_6_at_32_off_f00306,train,data/videos/front_view/Damir Filaretov 6 at 32 off.mp4,306,0
Damir_Filaretov_6_at_32_off_f00312,train,data/videos/front_view/Damir Filaretov 6 at 32 off.mp4,312,2
Damir_Filaretov_6_at_32_off_f00318,train,data/videos/front_view/Damir Filaretov 6 at 32 off.mp4,318,2
Damir_Filaretov_6_at_32_off_f00324,train,data/videos/front_view/Damir Filaretov 6 at 32 off.mp4,324,2
Damir_Filaretov_6_at_32_off_f00330,train,data/videos/front_view/Damir Filaretov 6 at 32 off.mp4,330,1
Damir_Filaretov_6_at_32_off_f00336,train,data/videos/front_view/Damir Filaretov 6 at 32 off.mp4,336,0
Damir_Filaretov_6_at_32_off_f00342,train,data/videos/front_view/Damir Filaretov 6 at 32 off.mp4,342,1
Damir_Filaretov_6_at_32_off_f00348,train,data/videos/front_view/Damir Filaretov 6 at 32 off.mp4,348,3
Damir_Filaretov_6_at_32_off_f00354,train,data/videos/front_view/Damir Filaretov 6 at 32 off.mp4,354,1
Damir_Filaretov_6_at_32_off_f00360,train,data/videos/front_view/Damir Filaretov 6 at 32 off.mp4,360,1
Damir_Filaretov_6_at_32_off_f00366,train,data/videos/front_view/Damir Filaretov 6 at 32 off.mp4,366,1
Damir_Filaretov_6_at_32_off_f00372,train,data/videos/front_view/Damir Filaretov 6 at 32 off.mp4,372,0
Damir_Filaretov_6_at_32_off_f00378,train,data/videos/front_view/Damir Filaretov 6 at 32 off.mp4,378,2
Damir_Filaretov_6_at_32_off_f00384,train,data/videos/front_view/Damir Filaretov 6 at 32 off.mp4,384,2
Damir_Filaretov_6_at_32_off_f00390,train,data/videos/front_view/Damir Filaretov 6 at 32 off.mp4,390,2
Damir_Filaretov_6_at_32_off_f00396,train,data/videos/front_view/Damir Filaretov 6 at 32 off.mp4,396,1
Damir_Filaretov_6_at_32_off_f00402,train,data/videos/front_view/Damir Filaretov 6 at 32 off.mp4,402,2
Damir_Filaretov_6_at_32_off_f00408,train,data/videos/front_view/Damir Filaretov 6 at 32 off.mp4,408,2
Damir_Filaretov_6_at_32_off_f00414,train,data/videos/front_view/Damir Filaretov 6 at 32 off.mp4,414,2
Damir_Filaretov_6_at_32_off_f00420,train,data/videos/front_view/Damir Filaretov 6 at 32 off.mp4,420,1
Damir_Filaretov_6_at_32_off_f00426,train,data/videos/front_view/Damir Filaretov 6 at 32 off.mp4,426,0
Damir_Filaretov_6_at_32_off_f00432,train,data/videos/front_view/Damir Filaretov 6 at 32 off.mp4,432,1
Damir_Filaretov_6_at_32_off_f00438,train,data/videos/front_view/Damir Filaretov 6 at 32 off.mp4,438,0
Damir_Filaretov_6_at_32_off_f00444,train,data/videos/front_view/Damir Filaretov 6 at 32 off.mp4,444,0
Damir_Filaretov_6_at_32_off_f00450,train,data/videos/front_view/Damir Filaretov 6 at 32 off.mp4,450,0
Damir_Filaretov_6_at_32_off_f00456,train,data/videos/front_view/Damir Filaretov 6 at 32 off.mp4,456,0
Damir_Filaretov_6_at_32_off_f00462,train,data/videos/front_view/Damir Filaretov 6 at 32 off.mp4,462,1
Damir_Filaretov_6_at_32_off_f00468,train,data/videos/front_view/Damir Filaretov 6 at 32 off.mp4,468,2
Damir_Filaretov_6_at_32_off_f00474,train,data/videos/front_view/Damir Filaretov 6 at 32 off.mp4,474,2
Damir_Filaretov_6_at_32_off_f00480,train,data/videos/front_view/Damir Filaretov 6 at 32 off.mp4,480,1
Damir_Filaretov_6_at_32_off_f00486,train,data/videos/front_view/Damir Filaretov 6 at 32 off.mp4,486,1
Damir_Filaretov_6_at_32_off_f00492,train,data/videos/front_view/Damir Filaretov 6 at 32 off.mp4,492,2
Damir_Filaretov_6_at_32_off_f00498,train,data/videos/front_view/Damir Filaretov 6 at 32 off.mp4,498,0
Damir_Filaretov_6_at_32_off_f00504,train,data/videos/front_view/Damir Filaretov 6 at 32 off.mp4,504,1
Damir_Filaretov_6_at_32_off_f00510,train,data/videos/front_view/Damir Filaretov 6 at 32 off.mp4,510,2
Damir_Filaretov_6_at_32_off_f00516,train,data/videos/front_view/Damir Filaretov 6 at 32 off.mp4,516,1
Damir_Filaretov_6_at_32_off_f00522,train,data/videos/front_view/Damir Filaretov 6 at 32 off.mp4,522,2
Damir_Filaretov_6_at_32_off_f00528,train,data/videos/front_view/Damir Filaretov 6 at 32 off.mp4,528,2
Damir_Filaretov_6_at_32_off_f00534,train,data/videos/front_view/Damir Filaretov 6 at 32 off.mp4,534,3
Damir_Filaretov_6_at_32_off_f00540,train,data/videos/front_view/Damir Filaretov 6 at 32 off.mp4,540,3
Damir_Filaretov_6_at_32_off_f00546,train,data/videos/front_view/Damir Filaretov 6 at 32 off.mp4,546,3
Damir_Filaretov_6_at_32_off_f00552,train,data/videos/front_view/Damir Filaretov 6 at 32 off.mp4,552,2
Damir_Filaretov_6_at_32_off_f00558,train,data/videos/front_view/Damir Filaretov 6 at 32 off.mp4,558,2
Damir_Filaretov_6_at_32_off_f00564,train,data/videos/front_view/Damir Filaretov 6 at 32 off.mp4,564,0
Damir_Filaretov_6_at_32_off_f00570,train,data/videos/front_view/Damir Filaretov 6 at 32 off.mp4,570,0
Damir_Filaretov_6_at_32_off_f00576,train,data/videos/front_view/Damir Filaretov 6 at 32 off.mp4,576,0
Damir_Filaretov_6_at_32_off_f00582,train,data/videos/front_view/Damir Filaretov 6 at 32 off.mp4,582,0
Damir_Filaretov_6_at_32_off_f00588,train,data/videos/front_view/Damir Filaretov 6 at 32 off.mp4,588,0
Damir_Filaretov_6_at_32_off_f00594,train,data/videos/front_view/Damir Filaretov 6 at 32 off.mp4,594,0
Damir_Filaretov_6_at_32_off_f00600,train,data/videos/front_view/Damir Filaretov 6 at 32 off.mp4,600,0
Damir_Filaretov_6_at_32_off_f00606,train,data/videos/front_view/Damir Filaretov 6 at 32 off.mp4,606,0
Damir_Filaretov_6_at_32_off_f00612,train,data/videos/front_view/Damir Filaretov 6 at 32 off.mp4,612,1
Damir_Filaretov_6_at_32_off_f00618,train,data/videos/front_view/Damir Filaretov 6 at 32 off.mp4,618,2
Damir_Filaretov_6_at_32_off_f00624,train,data/videos/front_view/Damir Filaretov 6 at 32 off.mp4,624,1
Damir_Filaretov_6_at_32_off_f00630,train,data/videos/front_view/Damir Filaretov 6 at 32 off.mp4,630,2
Damir_Filaretov_6_at_32_off_f00636,train,data/videos/front_view/Damir Filaretov 6 at 32 off.mp4,636,3
Damir_Filaretov_6_at_32_off_f00642,train,data/videos/front_view/Damir Filaretov 6 at 32 off.mp4,642,2
Damir_Filaretov_6_at_32_off_f00648,train,data/videos/front_view/Damir Filaretov 6 at 32 off.mp4,648,2
Damir_Filaretov_6_at_32_off_f00654,train,data/videos/front_view/Damir Filaretov 6 at 32 off.mp4,654,1
Damir_Filaretov_6_at_32_off_f00660,train,data/videos/front_view/Damir Filaretov 6 at 32 off.mp4,660,2
Damir_Filaretov_6_at_32_off_f00666,train,data/videos/front_view/Damir Filaretov 6 at 32 off.mp4,666,2
Damir_Filaretov_6_at_32_off_f00672,train,data/videos/front_view/Damir Filaretov 6 at 32 off.mp4,672,1
Damir_Filaretov_6_at_32_off_f00678,train,data/videos/front_view/Damir Filaretov 6 at 32 off.mp4,678,1
Damir_Filaretov_6_at_32_off_f00684,train,data/videos/front_view/Damir Filaretov 6 at 32 off.mp4,684,0
Damir_Filaretov_6_at_32_off_f00690,train,data/videos/front_view/Damir Filaretov 6 at 32 off.mp4,690,2
Damir_Filaretov_6_at_32_off_f00696,train,data/videos/front_view/Damir Filaretov 6 at 32 off.mp4,696,4
Damir_Filaretov_6_at_32_off_f00702,train,data/videos/front_view/Damir Filaretov 6 at 32 off.mp4,702,2
Damir_Filaretov_6_at_32_off_f00708,train,data/videos/front_view/Damir Filaretov 6 at 32 off.mp4,708,1
Damir_Filaretov_6_at_32_off_f00714,train,data/videos/front_view/Damir Filaretov 6 at 32 off.mp4,714,2
Damir_Filaretov_6_at_32_off_f00720,train,data/videos/front_view/Damir Filaretov 6 at 32 off.mp4,720,2
Damir_Filaretov_6_at_32_off_f00726,train,data/videos/front_view/Damir Filaretov 6 at 32 off.mp4,726,2
Damir_Filaretov_6_at_32_off_f00732,train,data/videos/front_view/Damir Filaretov 6 at 32 off.mp4,732,3
Damir_Filaretov_6_at_32_off_f00738,train,data/videos/front_view/Damir Filaretov 6 at 32 off.mp4,738,4
Damir_Filaretov_6_at_32_off_f00744,train,data/videos/front_view/Damir Filaretov 6 at 32 off.mp4,744,1
Damir_Filaretov_6_at_32_off_f00750,train,data/videos/front_view/Damir Filaretov 6 at 32 off.mp4,750,0
Damir_Filaretov_6_at_32_off_f00756,train,data/videos/front_view/Damir Filaretov 6 at 32 off.mp4,756,0
Damir_Filaretov_6_at_32_off_f00762,train,data/videos/front_view/Damir Filaretov 6 at 32 off.mp4,762,0
Damir_Filaretov_6_at_35_off_f00000,train,data/videos/front_view/Damir Filaretov 6 at 35 off.mp4,0,0
Damir_Filaretov_6_at_35_off_f00006,train,data/videos/front_view/Damir Filaretov 6 at 35 off.mp4,6,0
Damir_Filaretov_6_at_35_off_f00012,train,data/videos/front_view/Damir Filaretov 6 at 35 off.mp4,12,0
Damir_Filaretov_6_at_35_off_f00018,train,data/videos/front_view/Damir Filaretov 6 at 35 off.mp4,18,0
Damir_Filaretov_6_at_35_off_f00024,train,data/videos/front_view/Damir Filaretov 6 at 35 off.mp4,24,0
Damir_Filaretov_6_at_35_off_f00030,train,data/videos/front_view/Damir Filaretov 6 at 35 off.mp4,30,0
Damir_Filaretov_6_at_35_off_f00036,train,data/videos/front_view/Damir Filaretov 6 at 35 off.mp4,36,0
Damir_Filaretov_6_at_35_off_f00042,train,data/videos/front_view/Damir Filaretov 6 at 35 off.mp4,42,1
Damir_Filaretov_6_at_35_off_f00048,train,data/videos/front_view/Damir Filaretov 6 at 35 off.mp4,48,1
Damir_Filaretov_6_at_35_off_f00054,train,data/videos/front_view/Damir Filaretov 6 at 35 off.mp4,54,0
Damir_Filaretov_6_at_35_off_f00060,train,data/videos/front_view/Damir Filaretov 6 at 35 off.mp4,60,0
Damir_Filaretov_6_at_35_off_f00066,train,data/videos/front_view/Damir Filaretov 6 at 35 off.mp4,66,0
Damir_Filaretov_6_at_35_off_f00072,train,data/videos/front_view/Damir Filaretov 6 at 35 off.mp4,72,0
Damir_Filaretov_6_at_35_off_f00078,train,data/videos/front_view/Damir Filaretov 6 at 35 off.mp4,78,0
Damir_Filaretov_6_at_35_off_f00084,train,data/videos/front_view/Damir Filaretov 6 at 35 off.mp4,84,0
Damir_Filaretov_6_at_35_off_f00090,train,data/videos/front_view/Damir Filaretov 6 at 35 off.mp4,90,0
Damir_Filaretov_6_at_35_off_f00096,train,data/videos/front_view/Damir Filaretov 6 at 35 off.mp4,96,0
Damir_Filaretov_6_at_35_off_f00102,train,data/videos/front_view/Damir Filaretov 6 at 35 off.mp4,102,0
Damir_Filaretov_6_at_35_off_f00108,train,data/videos/front_view/Damir Filaretov 6 at 35 off.mp4,108,0
Damir_Filaretov_6_at_35_off_f00114,train,data/videos/front_view/Damir Filaretov 6 at 35 off.mp4,114,0
Damir_Filaretov_6_at_35_off_f00120,train,data/videos/front_view/Damir Filaretov 6 at 35 off.mp4,120,0
Damir_Filaretov_6_at_35_off_f00126,train,data/videos/front_view/Damir Filaretov 6 at 35 off.mp4,126,0
Damir_Filaretov_6_at_35_off_f00132,train,data/videos/front_view/Damir Filaretov 6 at 35 off.mp4,132,0
Damir_Filaretov_6_at_35_off_f00138,train,data/videos/front_view/Damir Filaretov 6 at 35 off.mp4,138,0
Damir_Filaretov_6_at_35_off_f00144,train,data/videos/front_view/Damir Filaretov 6 at 35 off.mp4,144,1
Damir_Filaretov_6_at_35_off_f00150,train,data/videos/front_view/Damir Filaretov 6 at 35 off.mp4,150,1
Damir_Filaretov_6_at_35_off_f00156,train,data/videos/front_view/Damir Filaretov 6 at 35 off.mp4,156,0
Damir_Filaretov_6_at_35_off_f00162,train,data/videos/front_view/Damir Filaretov 6 at 35 off.mp4,162,0
Damir_Filaretov_6_at_35_off_f00168,train,data/videos/front_view/Damir Filaretov 6 at 35 off.mp4,168,1
Damir_Filaretov_6_at_35_off_f00174,train,data/videos/front_view/Damir Filaretov 6 at 35 off.mp4,174,1
Damir_Filaretov_6_at_35_off_f00180,train,data/videos/front_view/Damir Filaretov 6 at 35 off.mp4,180,0
Damir_Filaretov_6_at_35_off_f00186,train,data/videos/front_view/Damir Filaretov 6 at 35 off.mp4,186,1
Damir_Filaretov_6_at_35_off_f00192,train,data/videos/front_view/Damir Filaretov 6 at 35 off.mp4,192,1
Damir_Filaretov_6_at_35_off_f00198,train,data/videos/front_view/Damir Filaretov 6 at 35 off.mp4,198,1
Damir_Filaretov_6_at_35_off_f00204,train,data/videos/front_view/Damir Filaretov 6 at 35 off.mp4,204,0
Damir_Filaretov_6_at_35_off_f00210,train,data/videos/front_view/Damir Filaretov 6 at 35 off.mp4,210,0
Damir_Filaretov_6_at_35_off_f00216,train,data/videos/front_view/Damir Filaretov 6 at 35 off.mp4,216,0
Damir_Filaretov_6_at_35_off_f00222,train,data/videos/front_view/Damir Filaretov 6 at 35 off.mp4,222,0
Damir_Filaretov_6_at_35_off_f00228,train,data/videos/front_view/Damir Filaretov 6 at 35 off.mp4,228,0
Damir_Filaretov_6_at_35_off_f00234,train,data/videos/front_view/Damir Filaretov 6 at 35 off.mp4,234,0
Damir_Filaretov_6_at_35_off_f00240,train,data/videos/front_view/Damir Filaretov 6 at 35 off.mp4,240,0
Damir_Filaretov_6_at_35_off_f00246,train,data/videos/front_view/Damir Filaretov 6 at 35 off.mp4,246,1
Damir_Filaretov_6_at_35_off_f00252,train,data/videos/front_view/Damir Filaretov 6 at 35 off.mp4,252,1
Damir_Filaretov_6_at_35_off_f00258,train,data/videos/front_view/Damir Filaretov 6 at 35 off.mp4,258,1
Damir_Filaretov_6_at_35_off_f00264,train,data/videos/front_view/Damir Filaretov 6 at 35 off.mp4,264,0
Damir_Filaretov_6_at_35_off_f00270,train,data/videos/front_view/Damir Filaretov 6 at 35 off.mp4,270,0
Damir_Filaretov_6_at_35_off_f00276,train,data/videos/front_view/Damir Filaretov 6 at 35 off.mp4,276,1
Damir_Filaretov_6_at_35_off_f00282,train,data/videos/front_view/Damir Filaretov 6 at 35 off.mp4,282,1
Damir_Filaretov_6_at_35_off_f00288,train,data/videos/front_view/Damir Filaretov 6 at 35 off.mp4,288,0
Damir_Filaretov_6_at_35_off_f00294,train,data/videos/front_view/Damir Filaretov 6 at 35 off.mp4,294,0
Damir_Filaretov_6_at_35_off_f00300,train,data/videos/front_view/Damir Filaretov 6 at 35 off.mp4,300,0
Damir_Filaretov_6_at_35_off_f00306,train,data/videos/front_view/Damir Filaretov 6 at 35 off.mp4,306,0
Damir_Filaretov_6_at_35_off_f00312,train,data/videos/front_view/Damir Filaretov 6 at 35 off.mp4,312,0
Damir_Filaretov_6_at_35_off_f00318,train,data/videos/front_view/Damir Filaretov 6 at 35 off.mp4,318,0
Damir_Filaretov_6_at_35_off_f00324,train,data/videos/front_view/Damir Filaretov 6 at 35 off.mp4,324,0
Damir_Filaretov_6_at_35_off_f00330,train,data/videos/front_view/Damir Filaretov 6 at 35 off.mp4,330,0
Damir_Filaretov_6_at_35_off_f00336,train,data/videos/front_view/Damir Filaretov 6 at 35 off.mp4,336,0
Damir_Filaretov_6_at_35_off_f00342,train,data/videos/front_view/Damir Filaretov 6 at 35 off.mp4,342,0
Damir_Filaretov_6_at_35_off_f00348,train,data/videos/front_view/Damir Filaretov 6 at 35 off.mp4,348,0
Damir_Filaretov_6_at_35_off_f00354,train,data/videos/front_view/Damir Filaretov 6 at 35 off.mp4,354,0
Damir_Filaretov_6_at_35_off_f00360,train,data/videos/front_view/Damir Filaretov 6 at 35 off.mp4,360,0
Damir_Filaretov_6_at_35_off_f00366,train,data/videos/front_view/Damir Filaretov 6 at 35 off.mp4,366,0
Damir_Filaretov_6_at_35_off_f00372,train,data/videos/front_view/Damir Filaretov 6 at 35 off.mp4,372,0
Damir_Filaretov_6_at_35_off_f00378,train,data/videos/front_view/Damir Filaretov 6 at 35 off.mp4,378,0
Damir_Filaretov_6_at_35_off_f00384,train,data/videos/front_view/Damir Filaretov 6 at 35 off.mp4,384,0
Damir_Filaretov_6_at_35_off_f00390,train,data/videos/front_view/Damir Filaretov 6 at 35 off.mp4,390,0
Damir_Filaretov_6_at_35_off_f00396,train,data/videos/front_view/Damir Filaretov 6 at 35 off.mp4,396,0
Damir_Filaretov_6_at_35_off_f00402,train,data/videos/front_view/Damir Filaretov 6 at 35 off.mp4,402,0
Damir_Filaretov_6_at_35_off_f00408,train,data/videos/front_view/Damir Filaretov 6 at 35 off.mp4,408,0
Damir_Filaretov_6_at_35_off_f00414,train,data/videos/front_view/Damir Filaretov 6 at 35 off.mp4,414,0
Damir_Filaretov_6_at_35_off_f00420,train,data/videos/front_view/Damir Filaretov 6 at 35 off.mp4,420,0
Damir_Filaretov_6_at_35_off_f00426,train,data/videos/front_view/Damir Filaretov 6 at 35 off.mp4,426,0
Damir_Filaretov_6_at_35_off_f00432,train,data/videos/front_view/Damir Filaretov 6 at 35 off.mp4,432,0
Damir_Filaretov_6_at_35_off_f00438,train,data/videos/front_view/Damir Filaretov 6 at 35 off.mp4,438,0
Damir_Filaretov_6_at_35_off_f00444,train,data/videos/front_view/Damir Filaretov 6 at 35 off.mp4,444,0
Damir_Filaretov_6_at_35_off_f00450,train,data/videos/front_view/Damir Filaretov 6 at 35 off.mp4,450,0
Damir_Filaretov_6_at_35_off_f00456,train,data/videos/front_view/Damir Filaretov 6 at 35 off.mp4,456,0
Damir_Filaretov_6_at_35_off_f00462,train,data/videos/front_view/Damir Filaretov 6 at 35 off.mp4,462,0
Damir_Filaretov_6_at_35_off_f00468,train,data/videos/front_view/Damir Filaretov 6 at 35 off.mp4,468,0
Damir_Filaretov_6_at_35_off_f00474,train,data/videos/front_view/Damir Filaretov 6 at 35 off.mp4,474,0
Damir_Filaretov_6_at_35_off_f00480,train,data/videos/front_view/Damir Filaretov 6 at 35 off.mp4,480,0
Damir_Filaretov_6_at_35_off_f00486,train,data/videos/front_view/Damir Filaretov 6 at 35 off.mp4,486,0
Damir_Filaretov_6_at_35_off_f00492,train,data/videos/front_view/Damir Filaretov 6 at 35 off.mp4,492,0
Damir_Filaretov_6_at_35_off_f00498,train,data/videos/front_view/Damir Filaretov 6 at 35 off.mp4,498,0
Damir_Filaretov_6_at_35_off_f00504,train,data/videos/front_view/Damir Filaretov 6 at 35 off.mp4,504,0
Damir_Filaretov_6_at_35_off_f00510,train,data/videos/front_view/Damir Filaretov 6 at 35 off.mp4,510,0
Damir_Filaretov_6_at_35_off_f00516,train,data/videos/front_view/Damir Filaretov 6 at 35 off.mp4,516,0
Damir_Filaretov_6_at_35_off_f00522,train,data/videos/front_view/Damir Filaretov 6 at 35 off.mp4,522,0
Damir_Filaretov_6_at_35_off_f00528,train,data/videos/front_view/Damir Filaretov 6 at 35 off.mp4,528,0
Damir_Filaretov_6_at_35_off_f00534,train,data/videos/front_view/Damir Filaretov 6 at 35 off.mp4,534,0
Damir_Filaretov_6_at_35_off_f00540,train,data/videos/front_view/Damir Filaretov 6 at 35 off.mp4,540,0
Damir_Filaretov_6_at_35_off_f00546,train,data/videos/front_view/Damir Filaretov 6 at 35 off.mp4,546,0
Damir_Filaretov_6_at_35_off_f00552,train,data/videos/front_view/Damir Filaretov 6 at 35 off.mp4,552,0
Damir_Filaretov_6_at_35_off_f00558,train,data/videos/front_view/Damir Filaretov 6 at 35 off.mp4,558,0
Damir_Filaretov_6_at_35_off_f00564,train,data/videos/front_view/Damir Filaretov 6 at 35 off.mp4,564,0
Damir_Filaretov_6_at_35_off_f00570,train,data/videos/front_view/Damir Filaretov 6 at 35 off.mp4,570,0
Damir_Filaretov_6_at_35_off_f00576,train,data/videos/front_view/Damir Filaretov 6 at 35 off.mp4,576,0
Damir_Filaretov_6_at_35_off_f00582,train,data/videos/front_view/Damir Filaretov 6 at 35 off.mp4,582,0
Damir_Filaretov_6_at_35_off_f00588,train,data/videos/front_view/Damir Filaretov 6 at 35 off.mp4,588,0
Damir_Filaretov_6_at_35_off_f00594,train,data/videos/front_view/Damir Filaretov 6 at 35 off.mp4,594,0
Damir_Filaretov_6_at_35_off_f00600,train,data/videos/front_view/Damir Filaretov 6 at 35 off.mp4,600,0
Damir_Filaretov_6_at_35_off_f00606,train,data/videos/front_view/Damir Filaretov 6 at 35 off.mp4,606,0
Damir_Filaretov_6_at_35_off_f00612,train,data/videos/front_view/Damir Filaretov 6 at 35 off.mp4,612,0
Damir_Filaretov_6_at_35_off_f00618,train,data/videos/front_view/Damir Filaretov 6 at 35 off.mp4,618,0
Damir_Filaretov_6_at_35_off_f00624,train,data/videos/front_view/Damir Filaretov 6 at 35 off.mp4,624,0
Damir_Filaretov_6_at_35_off_f00630,train,data/videos/front_view/Damir Filaretov 6 at 35 off.mp4,630,0
Damir_Filaretov_6_at_35_off_f00636,train,data/videos/front_view/Damir Filaretov 6 at 35 off.mp4,636,0
Damir_Filaretov_6_at_35_off_f00642,train,data/videos/front_view/Damir Filaretov 6 at 35 off.mp4,642,0
Damir_Filaretov_6_at_35_off_f00648,train,data/videos/front_view/Damir Filaretov 6 at 35 off.mp4,648,0
Damir_Filaretov_6_at_35_off_f00654,train,data/videos/front_view/Damir Filaretov 6 at 35 off.mp4,654,0
Damir_Filaretov_6_at_35_off_f00660,train,data/videos/front_view/Damir Filaretov 6 at 35 off.mp4,660,0
Damir_Filaretov_6_at_35_off_f00666,train,data/videos/front_view/Damir Filaretov 6 at 35 off.mp4,666,0
Damir_Filaretov_6_at_35_off_f00672,train,data/videos/front_view/Damir Filaretov 6 at 35 off.mp4,672,0
Damir_Filaretov_6_at_35_off_f00678,train,data/videos/front_view/Damir Filaretov 6 at 35 off.mp4,678,0
Damir_Filaretov_6_at_35_off_f00684,train,data/videos/front_view/Damir Filaretov 6 at 35 off.mp4,684,0
Damir_Filaretov_6_at_35_off_f00690,train,data/videos/front_view/Damir Filaretov 6 at 35 off.mp4,690,0
Damir_Filaretov_6_at_35_off_f00696,train,data/videos/front_view/Damir Filaretov 6 at 35 off.mp4,696,1
Damir_Filaretov_6_at_35_off_f00702,train,data/videos/front_view/Damir Filaretov 6 at 35 off.mp4,702,1
Damir_Filaretov_6_at_35_off_f00708,train,data/videos/front_view/Damir Filaretov 6 at 35 off.mp4,708,0
Damir_Filaretov_6_at_35_off_f00714,train,data/videos/front_view/Damir Filaretov 6 at 35 off.mp4,714,0
Damir_Filaretov_6_at_35_off_f00720,train,data/videos/front_view/Damir Filaretov 6 at 35 off.mp4,720,0
Damir_Filaretov_6_at_35_off_f00726,train,data/videos/front_view/Damir Filaretov 6 at 35 off.mp4,726,0
Damir_Filaretov_6_at_35_off_f00732,train,data/videos/front_view/Damir Filaretov 6 at 35 off.mp4,732,0
Damir_Filaretov_6_at_35_off_f00738,train,data/videos/front_view/Damir Filaretov 6 at 35 off.mp4,738,0
Damir_Filaretov_6_at_38_off_f00000,train,data/videos/front_view/Damir Filaretov 6 at 38 off.mp4,0,0
Damir_Filaretov_6_at_38_off_f00006,train,data/videos/front_view/Damir Filaretov 6 at 38 off.mp4,6,0
Damir_Filaretov_6_at_38_off_f00012,train,data/videos/front_view/Damir Filaretov 6 at 38 off.mp4,12,0
Damir_Filaretov_6_at_38_off_f00018,train,data/videos/front_view/Damir Filaretov 6 at 38 off.mp4,18,0
Damir_Filaretov_6_at_38_off_f00024,train,data/videos/front_view/Damir Filaretov 6 at 38 off.mp4,24,0
Damir_Filaretov_6_at_38_off_f00030,train,data/videos/front_view/Damir Filaretov 6 at 38 off.mp4,30,0
Damir_Filaretov_6_at_38_off_f00036,train,data/videos/front_view/Damir Filaretov 6 at 38 off.mp4,36,1
Damir_Filaretov_6_at_38_off_f00042,train,data/videos/front_view/Damir Filaretov 6 at 38 off.mp4,42,1
Damir_Filaretov_6_at_38_off_f00048,train,data/videos/front_view/Damir Filaretov 6 at 38 off.mp4,48,0
Damir_Filaretov_6_at_38_off_f00054,train,data/videos/front_view/Damir Filaretov 6 at 38 off.mp4,54,0
Damir_Filaretov_6_at_38_off_f00060,train,data/videos/front_view/Damir Filaretov 6 at 38 off.mp4,60,0
Damir_Filaretov_6_at_38_off_f00066,train,data/videos/front_view/Damir Filaretov 6 at 38 off.mp4,66,0
Damir_Filaretov_6_at_38_off_f00072,train,data/videos/front_view/Damir Filaretov 6 at 38 off.mp4,72,1
Damir_Filaretov_6_at_38_off_f00078,train,data/videos/front_view/Damir Filaretov 6 at 38 off.mp4,78,0
Damir_Filaretov_6_at_38_off_f00084,train,data/videos/front_view/Damir Filaretov 6 at 38 off.mp4,84,2
Damir_Filaretov_6_at_38_off_f00090,train,data/videos/front_view/Damir Filaretov 6 at 38 off.mp4,90,0
Damir_Filaretov_6_at_38_off_f00096,train,data/videos/front_view/Damir Filaretov 6 at 38 off.mp4,96,1
Damir_Filaretov_6_at_38_off_f00102,train,data/videos/front_view/Damir Filaretov 6 at 38 off.mp4,102,1
Damir_Filaretov_6_at_38_off_f00108,train,data/videos/front_view/Damir Filaretov 6 at 38 off.mp4,108,0
Damir_Filaretov_6_at_38_off_f00114,train,data/videos/front_view/Damir Filaretov 6 at 38 off.mp4,114,0
Damir_Filaretov_6_at_38_off_f00120,train,data/videos/front_view/Damir Filaretov 6 at 38 off.mp4,120,0
Damir_Filaretov_6_at_38_off_f00126,train,data/videos/front_view/Damir Filaretov 6 at 38 off.mp4,126,2
Damir_Filaretov_6_at_38_off_f00132,train,data/videos/front_view/Damir Filaretov 6 at 38 off.mp4,132,2
Damir_Filaretov_6_at_38_off_f00138,train,data/videos/front_view/Damir Filaretov 6 at 38 off.mp4,138,2
Damir_Filaretov_6_at_38_off_f00144,train,data/videos/front_view/Damir Filaretov 6 at 38 off.mp4,144,2
Damir_Filaretov_6_at_38_off_f00150,train,data/videos/front_view/Damir Filaretov 6 at 38 off.mp4,150,0
Damir_Filaretov_6_at_38_off_f00156,train,data/videos/front_view/Damir Filaretov 6 at 38 off.mp4,156,0
Damir_Filaretov_6_at_38_off_f00162,train,data/videos/front_view/Damir Filaretov 6 at 38 off.mp4,162,0
Damir_Filaretov_6_at_38_off_f00168,train,data/videos/front_view/Damir Filaretov 6 at 38 off.mp4,168,1
Damir_Filaretov_6_at_38_off_f00174,train,data/videos/front_view/Damir Filaretov 6 at 38 off.mp4,174,0
Damir_Filaretov_6_at_38_off_f00180,train,data/videos/front_view/Damir Filaretov 6 at 38 off.mp4,180,2
Damir_Filaretov_6_at_38_off_f00186,train,data/videos/front_view/Damir Filaretov 6 at 38 off.mp4,186,3
Damir_Filaretov_6_at_38_off_f00192,train,data/videos/front_view/Damir Filaretov 6 at 38 off.mp4,192,0
Damir_Filaretov_6_at_38_off_f00198,train,data/videos/front_view/Damir Filaretov 6 at 38 off.mp4,198,0
Damir_Filaretov_6_at_38_off_f00204,train,data/videos/front_view/Damir Filaretov 6 at 38 off.mp4,204,3
Damir_Filaretov_6_at_38_off_f00210,train,data/videos/front_view/Damir Filaretov 6 at 38 off.mp4,210,1
Damir_Filaretov_6_at_38_off_f00216,train,data/videos/front_view/Damir Filaretov 6 at 38 off.mp4,216,0
Damir_Filaretov_6_at_38_off_f00222,train,data/videos/front_view/Damir Filaretov 6 at 38 off.mp4,222,0
Damir_Filaretov_6_at_38_off_f00228,train,data/videos/front_view/Damir Filaretov 6 at 38 off.mp4,228,0
Damir_Filaretov_6_at_38_off_f00234,train,data/videos/front_view/Damir Filaretov 6 at 38 off.mp4,234,1
Damir_Filaretov_6_at_38_off_f00240,train,data/videos/front_view/Damir Filaretov 6 at 38 off.mp4,240,0
Damir_Filaretov_6_at_38_off_f00246,train,data/videos/front_view/Damir Filaretov 6 at 38 off.mp4,246,0
Damir_Filaretov_6_at_38_off_f00252,train,data/videos/front_view/Damir Filaretov 6 at 38 off.mp4,252,0
Damir_Filaretov_6_at_38_off_f00258,train,data/videos/front_view/Damir Filaretov 6 at 38 off.mp4,258,1
Damir_Filaretov_6_at_38_off_f00264,train,data/videos/front_view/Damir Filaretov 6 at 38 off.mp4,264,0
Damir_Filaretov_6_at_38_off_f00270,train,data/videos/front_view/Damir Filaretov 6 at 38 off.mp4,270,1
Damir_Filaretov_6_at_38_off_f00276,train,data/videos/front_view/Damir Filaretov 6 at 38 off.mp4,276,0
Damir_Filaretov_6_at_38_off_f00282,train,data/videos/front_view/Damir Filaretov 6 at 38 off.mp4,282,0
Damir_Filaretov_6_at_38_off_f00288,train,data/videos/front_view/Damir Filaretov 6 at 38 off.mp4,288,0
Damir_Filaretov_6_at_38_off_f00294,train,data/videos/front_view/Damir Filaretov 6 at 38 off.mp4,294,0
Damir_Filaretov_6_at_38_off_f00300,train,data/videos/front_view/Damir Filaretov 6 at 38 off.mp4,300,1
Damir_Filaretov_6_at_38_off_f00306,train,data/videos/front_view/Damir Filaretov 6 at 38 off.mp4,306,2
Damir_Filaretov_6_at_38_off_f00312,train,data/videos/front_view/Damir Filaretov 6 at 38 off.mp4,312,1
Damir_Filaretov_6_at_38_off_f00318,train,data/videos/front_view/Damir Filaretov 6 at 38 off.mp4,318,2
Damir_Filaretov_6_at_38_off_f00324,train,data/videos/front_view/Damir Filaretov 6 at 38 off.mp4,324,2
Damir_Filaretov_6_at_38_off_f00330,train,data/videos/front_view/Damir Filaretov 6 at 38 off.mp4,330,1
Damir_Filaretov_6_at_38_off_f00336,train,data/videos/front_view/Damir Filaretov 6 at 38 off.mp4,336,0
Damir_Filaretov_6_at_38_off_f00342,train,data/videos/front_view/Damir Filaretov 6 at 38 off.mp4,342,1
Damir_Filaretov_6_at_38_off_f00348,train,data/videos/front_view/Damir Filaretov 6 at 38 off.mp4,348,0
Damir_Filaretov_6_at_38_off_f00354,train,data/videos/front_view/Damir Filaretov 6 at 38 off.mp4,354,0
Damir_Filaretov_6_at_38_off_f00360,train,data/videos/front_view/Damir Filaretov 6 at 38 off.mp4,360,1
Damir_Filaretov_6_at_38_off_f00366,train,data/videos/front_view/Damir Filaretov 6 at 38 off.mp4,366,1
Damir_Filaretov_6_at_38_off_f00372,train,data/videos/front_view/Damir Filaretov 6 at 38 off.mp4,372,2
Damir_Filaretov_6_at_38_off_f00378,train,data/videos/front_view/Damir Filaretov 6 at 38 off.mp4,378,2
Damir_Filaretov_6_at_38_off_f00384,train,data/videos/front_view/Damir Filaretov 6 at 38 off.mp4,384,2
Damir_Filaretov_6_at_38_off_f00390,train,data/videos/front_view/Damir Filaretov 6 at 38 off.mp4,390,2
Damir_Filaretov_6_at_38_off_f00396,train,data/videos/front_view/Damir Filaretov 6 at 38 off.mp4,396,2
Damir_Filaretov_6_at_38_off_f00402,train,data/videos/front_view/Damir Filaretov 6 at 38 off.mp4,402,2
Damir_Filaretov_6_at_38_off_f00408,train,data/videos/front_view/Damir Filaretov 6 at 38 off.mp4,408,0
Damir_Filaretov_6_at_38_off_f00414,train,data/videos/front_view/Damir Filaretov 6 at 38 off.mp4,414,0
Damir_Filaretov_6_at_38_off_f00420,train,data/videos/front_view/Damir Filaretov 6 at 38 off.mp4,420,0
Damir_Filaretov_6_at_38_off_f00426,train,data/videos/front_view/Damir Filaretov 6 at 38 off.mp4,426,0
Damir_Filaretov_6_at_38_off_f00432,train,data/videos/front_view/Damir Filaretov 6 at 38 off.mp4,432,0
Damir_Filaretov_6_at_38_off_f00438,train,data/videos/front_view/Damir Filaretov 6 at 38 off.mp4,438,0
Damir_Filaretov_6_at_38_off_f00444,train,data/videos/front_view/Damir Filaretov 6 at 38 off.mp4,444,0
Damir_Filaretov_6_at_38_off_f00450,train,data/videos/front_view/Damir Filaretov 6 at 38 off.mp4,450,0
Damir_Filaretov_6_at_38_off_f00456,train,data/videos/front_view/Damir Filaretov 6 at 38 off.mp4,456,1
Damir_Filaretov_6_at_38_off_f00462,train,data/videos/front_view/Damir Filaretov 6 at 38 off.mp4,462,2
Damir_Filaretov_6_at_38_off_f00468,train,data/videos/front_view/Damir Filaretov 6 at 38 off.mp4,468,2
Damir_Filaretov_6_at_38_off_f00474,train,data/videos/front_view/Damir Filaretov 6 at 38 off.mp4,474,1
Damir_Filaretov_6_at_38_off_f00480,train,data/videos/front_view/Damir Filaretov 6 at 38 off.mp4,480,0
Damir_Filaretov_6_at_38_off_f00486,train,data/videos/front_view/Damir Filaretov 6 at 38 off.mp4,486,0
Damir_Filaretov_6_at_38_off_f00492,train,data/videos/front_view/Damir Filaretov 6 at 38 off.mp4,492,0
Damir_Filaretov_6_at_38_off_f00498,train,data/videos/front_view/Damir Filaretov 6 at 38 off.mp4,498,0
Damir_Filaretov_6_at_38_off_f00504,train,data/videos/front_view/Damir Filaretov 6 at 38 off.mp4,504,0
Damir_Filaretov_6_at_38_off_f00510,train,data/videos/front_view/Damir Filaretov 6 at 38 off.mp4,510,1
Damir_Filaretov_6_at_38_off_f00516,train,data/videos/front_view/Damir Filaretov 6 at 38 off.mp4,516,2
Damir_Filaretov_6_at_38_off_f00522,train,data/videos/front_view/Damir Filaretov 6 at 38 off.mp4,522,0
Damir_Filaretov_6_at_38_off_f00528,train,data/videos/front_view/Damir Filaretov 6 at 38 off.mp4,528,3
Damir_Filaretov_6_at_38_off_f00534,train,data/videos/front_view/Damir Filaretov 6 at 38 off.mp4,534,2
Damir_Filaretov_6_at_38_off_f00540,train,data/videos/front_view/Damir Filaretov 6 at 38 off.mp4,540,2
Damir_Filaretov_6_at_38_off_f00546,train,data/videos/front_view/Damir Filaretov 6 at 38 off.mp4,546,2
Damir_Filaretov_6_at_38_off_f00552,train,data/videos/front_view/Damir Filaretov 6 at 38 off.mp4,552,2
Damir_Filaretov_6_at_38_off_f00558,train,data/videos/front_view/Damir Filaretov 6 at 38 off.mp4,558,0
Damir_Filaretov_6_at_38_off_f00564,train,data/videos/front_view/Damir Filaretov 6 at 38 off.mp4,564,0
Damir_Filaretov_6_at_38_off_f00570,train,data/videos/front_view/Damir Filaretov 6 at 38 off.mp4,570,0
Damir_Filaretov_6_at_38_off_f00576,train,data/videos/front_view/Damir Filaretov 6 at 38 off.mp4,576,1
Damir_Filaretov_6_at_38_off_f00582,train,data/videos/front_view/Damir Filaretov 6 at 38 off.mp4,582,0
Damir_Filaretov_6_at_38_off_f00588,train,data/videos/front_view/Damir Filaretov 6 at 38 off.mp4,588,0
Damir_Filaretov_6_at_38_off_f00594,train,data/videos/front_view/Damir Filaretov 6 at 38 off.mp4,594,0
Damir_Filaretov_6_at_38_off_f00600,train,data/videos/front_view/Damir Filaretov 6 at 38 off.mp4,600,1
Damir_Filaretov_6_at_38_off_f00606,train,data/videos/front_view/Damir Filaretov 6 at 38 off.mp4,606,0
Damir_Filaretov_6_at_38_off_f00612,train,data/videos/front_view/Damir Filaretov 6 at 38 off.mp4,612,2
Damir_Filaretov_6_at_38_off_f00618,train,data/videos/front_view/Damir Filaretov 6 at 38 off.mp4,618,2
Damir_Filaretov_6_at_38_off_f00624,train,data/videos/front_view/Damir Filaretov 6 at 38 off.mp4,624,2
Damir_Filaretov_6_at_38_off_f00630,train,data/videos/front_view/Damir Filaretov 6 at 38 off.mp4,630,2
Damir_Filaretov_6_at_38_off_f00636,train,data/videos/front_view/Damir Filaretov 6 at 38 off.mp4,636,2
Damir_Filaretov_6_at_38_off_f00642,train,data/videos/front_view/Damir Filaretov 6 at 38 off.mp4,642,0
Damir_Filaretov_6_at_38_off_f00648,train,data/videos/front_view/Damir Filaretov 6 at 38 off.mp4,648,0
Damir_Filaretov_6_at_38_off_f00654,train,data/videos/front_view/Damir Filaretov 6 at 38 off.mp4,654,1
Damir_Filaretov_6_at_38_off_f00660,train,data/videos/front_view/Damir Filaretov 6 at 38 off.mp4,660,5
Damir_Filaretov_6_at_38_off_f00666,train,data/videos/front_view/Damir Filaretov 6 at 38 off.mp4,666,6
Damir_Filaretov_6_at_38_off_f00672,train,data/videos/front_view/Damir Filaretov 6 at 38 off.mp4,672,7
Damir_Filaretov_6_at_38_off_f00678,train,data/videos/front_view/Damir Filaretov 6 at 38 off.mp4,678,8
Damir_Filaretov_6_at_38_off_f00684,train,data/videos/front_view/Damir Filaretov 6 at 38 off.mp4,684,15
Damir_Filaretov_6_at_38_off_f00690,train,data/videos/front_view/Damir Filaretov 6 at 38 off.mp4,690,10
Damir_Filaretov_6_at_38_off_f00696,train,data/videos/front_view/Damir Filaretov 6 at 38 off.mp4,696,7
Damir_Filaretov_6_at_38_off_f00702,train,data/videos/front_view/Damir Filaretov 6 at 38 off.mp4,702,8
Damir_Filaretov_6_at_38_off_f00708,train,data/videos/front_view/Damir Filaretov 6 at 38 off.mp4,708,9
Damir_Filaretov_6_at_38_off_f00714,train,data/videos/front_view/Damir Filaretov 6 at 38 off.mp4,714,9
Damir_Filaretov_6_at_38_off_f00720,train,data/videos/front_view/Damir Filaretov 6 at 38 off.mp4,720,9
Damir_Filaretov_6_at_38_off_f00726,train,data/videos/front_view/Damir Filaretov 6 at 38 off.mp4,726,13
Damir_Filaretov_6_at_38_off_f00732,train,data/videos/front_view/Damir Filaretov 6 at 38 off.mp4,732,9
Damir_Filaretov_6_at_38_off_f00738,train,data/videos/front_view/Damir Filaretov 6 at 38 off.mp4,738,13
Damir_Filaretov_6_at_38_off_f00744,train,data/videos/front_view/Damir Filaretov 6 at 38 off.mp4,744,9
Damir_Filaretov_6_at_38_off_f00750,train,data/videos/front_view/Damir Filaretov 6 at 38 off.mp4,750,8
Damir_Filaretov_6_at_38_off_f00756,train,data/videos/front_view/Damir Filaretov 6 at 38 off.mp4,756,10
Damir_Filaretov_6_at_38_off_f00762,train,data/videos/front_view/Damir Filaretov 6 at 38 off.mp4,762,8
Damir_Filaretov_6_at_38_off_f00768,train,data/videos/front_view/Damir Filaretov 6 at 38 off.mp4,768,9
Damir_Filaretov_6_at_38_off_f00774,train,data/videos/front_view/Damir Filaretov 6 at 38 off.mp4,774,11
Damir_Filaretov_6_at_38_off_f00780,train,data/videos/front_view/Damir Filaretov 6 at 38 off.mp4,780,10
Damir_Filaretov_6_at_38_off_f00786,train,data/videos/front_view/Damir Filaretov 6 at 38 off.mp4,786,9
Lucas_Cornale_1_at_38_off_good_crash_f00000,train,data/videos/front_view/Lucas Cornale 1 at 38 off (good crash).mp4,0,0
Lucas_Cornale_1_at_38_off_good_crash_f00006,train,data/videos/front_view/Lucas Cornale 1 at 38 off (good crash).mp4,6,0
Lucas_Cornale_1_at_38_off_good_crash_f00012,train,data/videos/front_view/Lucas Cornale 1 at 38 off (good crash).mp4,12,0
Lucas_Cornale_1_at_38_off_good_crash_f00018,train,data/videos/front_view/Lucas Cornale 1 at 38 off (good crash).mp4,18,0
Lucas_Cornale_1_at_38_off_good_crash_f00024,train,data/videos/front_view/Lucas Cornale 1 at 38 off (good crash).mp4,24,0
Lucas_Cornale_1_at_38_off_good_crash_f00030,train,data/videos/front_view/Lucas Cornale 1 at 38 off (good crash).mp4,30,0
Lucas_Cornale_1_at_38_off_good_crash_f00036,train,data/videos/front_view/Lucas Cornale 1 at 38 off (good crash).mp4,36,0
Lucas_Cornale_1_at_38_off_good_crash_f00042,train,data/videos/front_view/Lucas Cornale 1 at 38 off (good crash).mp4,42,0
Lucas_Cornale_1_at_38_off_good_crash_f00048,train,data/videos/front_view/Lucas Cornale 1 at 38 off (good crash).mp4,48,0
Lucas_Cornale_1_at_38_off_good_crash_f00054,train,data/videos/front_view/Lucas Cornale 1 at 38 off (good crash).mp4,54,0
Lucas_Cornale_1_at_38_off_good_crash_f00060,train,data/videos/front_view/Lucas Cornale 1 at 38 off (good crash).mp4,60,0
Lucas_Cornale_1_at_38_off_good_crash_f00066,train,data/videos/front_view/Lucas Cornale 1 at 38 off (good crash).mp4,66,0
Lucas_Cornale_1_at_38_off_good_crash_f00072,train,data/videos/front_view/Lucas Cornale 1 at 38 off (good crash).mp4,72,0
Lucas_Cornale_1_at_38_off_good_crash_f00078,train,data/videos/front_view/Lucas Cornale 1 at 38 off (good crash).mp4,78,0
Lucas_Cornale_1_at_38_off_good_crash_f00084,train,data/videos/front_view/Lucas Cornale 1 at 38 off (good crash).mp4,84,0
Lucas_Cornale_1_at_38_off_good_crash_f00090,train,data/videos/front_view/Lucas Cornale 1 at 38 off (good crash).mp4,90,0
Lucas_Cornale_1_at_38_off_good_crash_f00096,train,data/videos/front_view/Lucas Cornale 1 at 38 off (good crash).mp4,96,0
Lucas_Cornale_1_at_38_off_good_crash_f00102,train,data/videos/front_view/Lucas Cornale 1 at 38 off (good crash).mp4,102,0
Lucas_Cornale_1_at_38_off_good_crash_f00108,train,data/videos/front_view/Lucas Cornale 1 at 38 off (good crash).mp4,108,0
Lucas_Cornale_1_at_38_off_good_crash_f00114,train,data/videos/front_view/Lucas Cornale 1 at 38 off (good crash).mp4,114,0
Lucas_Cornale_1_at_38_off_good_crash_f00120,train,data/videos/front_view/Lucas Cornale 1 at 38 off (good crash).mp4,120,0
Lucas_Cornale_1_at_38_off_good_crash_f00126,train,data/videos/front_view/Lucas Cornale 1 at 38 off (good crash).mp4,126,0
Lucas_Cornale_1_at_38_off_good_crash_f00132,train,data/videos/front_view/Lucas Cornale 1 at 38 off (good crash).mp4,132,0
Lucas_Cornale_1_at_38_off_good_crash_f00138,train,data/videos/front_view/Lucas Cornale 1 at 38 off (good crash).mp4,138,0
Lucas_Cornale_1_at_38_off_good_crash_f00144,train,data/videos/front_view/Lucas Cornale 1 at 38 off (good crash).mp4,144,0
Lucas_Cornale_1_at_38_off_good_crash_f00150,train,data/videos/front_view/Lucas Cornale 1 at 38 off (good crash).mp4,150,0
Lucas_Cornale_1_at_38_off_good_crash_f00156,train,data/videos/front_view/Lucas Cornale 1 at 38 off (good crash).mp4,156,0
Lucas_Cornale_1_at_38_off_good_crash_f00162,train,data/videos/front_view/Lucas Cornale 1 at 38 off (good crash).mp4,162,0
Lucas_Cornale_1_at_38_off_good_crash_f00168,train,data/videos/front_view/Lucas Cornale 1 at 38 off (good crash).mp4,168,0
Lucas_Cornale_1_at_38_off_good_crash_f00174,train,data/videos/front_view/Lucas Cornale 1 at 38 off (good crash).mp4,174,0
Lucas_Cornale_1_at_38_off_good_crash_f00180,train,data/videos/front_view/Lucas Cornale 1 at 38 off (good crash).mp4,180,0
Lucas_Cornale_1_at_38_off_good_crash_f00186,train,data/videos/front_view/Lucas Cornale 1 at 38 off (good crash).mp4,186,0
Lucas_Cornale_1_at_38_off_good_crash_f00192,train,data/videos/front_view/Lucas Cornale 1 at 38 off (good crash).mp4,192,0
Lucas_Cornale_1_at_38_off_good_crash_f00198,train,data/videos/front_view/Lucas Cornale 1 at 38 off (good crash).mp4,198,0
Lucas_Cornale_1_at_38_off_good_crash_f00204,train,data/videos/front_view/Lucas Cornale 1 at 38 off (good crash).mp4,204,0
Lucas_Cornale_1_at_38_off_good_crash_f00210,train,data/videos/front_view/Lucas Cornale 1 at 38 off (good crash).mp4,210,0
Lucas_Cornale_1_at_38_off_good_crash_f00216,train,data/videos/front_view/Lucas Cornale 1 at 38 off (good crash).mp4,216,0
Lucas_Cornale_1_at_38_off_good_crash_f00222,train,data/videos/front_view/Lucas Cornale 1 at 38 off (good crash).mp4,222,0
Lucas_Cornale_1_at_38_off_good_crash_f00228,train,data/videos/front_view/Lucas Cornale 1 at 38 off (good crash).mp4,228,0
Lucas_Cornale_1_at_38_off_good_crash_f00234,train,data/videos/front_view/Lucas Cornale 1 at 38 off (good crash).mp4,234,0
Lucas_Cornale_1_at_38_off_good_crash_f00240,train,data/videos/front_view/Lucas Cornale 1 at 38 off (good crash).mp4,240,1
Lucas_Cornale_1_at_38_off_good_crash_f00246,train,data/videos/front_view/Lucas Cornale 1 at 38 off (good crash).mp4,246,1
Lucas_Cornale_1_at_38_off_good_crash_f00252,train,data/videos/front_view/Lucas Cornale 1 at 38 off (good crash).mp4,252,1
Lucas_Cornale_1_at_38_off_good_crash_f00258,train,data/videos/front_view/Lucas Cornale 1 at 38 off (good crash).mp4,258,0
Lucas_Cornale_1_at_38_off_good_crash_f00264,train,data/videos/front_view/Lucas Cornale 1 at 38 off (good crash).mp4,264,0
Lucas_Cornale_1_at_38_off_good_crash_f00270,train,data/videos/front_view/Lucas Cornale 1 at 38 off (good crash).mp4,270,0
Lucas_Cornale_1_at_38_off_good_crash_f00276,train,data/videos/front_view/Lucas Cornale 1 at 38 off (good crash).mp4,276,0
Lucas_Cornale_1_at_38_off_good_crash_f00282,train,data/videos/front_view/Lucas Cornale 1 at 38 off (good crash).mp4,282,0
Lucas_Cornale_1_at_38_off_good_crash_f00288,train,data/videos/front_view/Lucas Cornale 1 at 38 off (good crash).mp4,288,0
Lucas_Cornale_1_at_38_off_good_crash_f00294,train,data/videos/front_view/Lucas Cornale 1 at 38 off (good crash).mp4,294,0
Lucas_Cornale_1_at_38_off_good_crash_f00300,train,data/videos/front_view/Lucas Cornale 1 at 38 off (good crash).mp4,300,0
Lucas_Cornale_1_at_38_off_good_crash_f00306,train,data/videos/front_view/Lucas Cornale 1 at 38 off (good crash).mp4,306,0
Lucas_Cornale_1_at_38_off_good_crash_f00312,train,data/videos/front_view/Lucas Cornale 1 at 38 off (good crash).mp4,312,0
Lucas_Cornale_1_at_38_off_good_crash_f00318,train,data/videos/front_view/Lucas Cornale 1 at 38 off (good crash).mp4,318,0
Lucas_Cornale_1_at_38_off_good_crash_f00324,train,data/videos/front_view/Lucas Cornale 1 at 38 off (good crash).mp4,324,0
Lucas_Cornale_1_at_38_off_good_crash_f00330,train,data/videos/front_view/Lucas Cornale 1 at 38 off (good crash).mp4,330,0
Lucas_Cornale_1_at_38_off_good_crash_f00336,train,data/videos/front_view/Lucas Cornale 1 at 38 off (good crash).mp4,336,0
Lucas_Cornale_1_at_38_off_good_crash_f00342,train,data/videos/front_view/Lucas Cornale 1 at 38 off (good crash).mp4,342,0
Lucas_Cornale_1_at_38_off_good_crash_f00348,train,data/videos/front_view/Lucas Cornale 1 at 38 off (good crash).mp4,348,0
Lucas_Cornale_1_at_38_off_good_crash_f00354,train,data/videos/front_view/Lucas Cornale 1 at 38 off (good crash).mp4,354,0
Lucas_Cornale_1_at_38_off_good_crash_f00360,train,data/videos/front_view/Lucas Cornale 1 at 38 off (good crash).mp4,360,0
Lucas_Cornale_1_at_38_off_good_crash_f00366,train,data/videos/front_view/Lucas Cornale 1 at 38 off (good crash).mp4,366,0
Lucas_Cornale_1_at_38_off_good_crash_f00372,train,data/videos/front_view/Lucas Cornale 1 at 38 off (good crash).mp4,372,0
Lucas_Cornale_1_at_38_off_good_crash_f00378,train,data/videos/front_view/Lucas Cornale 1 at 38 off (good crash).mp4,378,0
Lucas_Cornale_1_at_38_off_good_crash_f00384,train,data/videos/front_view/Lucas Cornale 1 at 38 off (good crash).mp4,384,0
Lucas_Cornale_1_at_38_off_good_crash_f00390,train,data/videos/front_view/Lucas Cornale 1 at 38 off (good crash).mp4,390,0
Lucas_Cornale_1_at_38_off_good_crash_f00396,train,data/videos/front_view/Lucas Cornale 1 at 38 off (good crash).mp4,396,0
Lucas_Cornale_1_at_38_off_good_crash_f00402,train,data/videos/front_view/Lucas Cornale 1 at 38 off (good crash).mp4,402,0
Lucas_Cornale_1_at_38_off_good_crash_f00408,train,data/videos/front_view/Lucas Cornale 1 at 38 off (good crash).mp4,408,2
Lucas_Cornale_1_at_38_off_good_crash_f00414,train,data/videos/front_view/Lucas Cornale 1 at 38 off (good crash).mp4,414,1
Lucas_Cornale_1_at_38_off_good_crash_f00420,train,data/videos/front_view/Lucas Cornale 1 at 38 off (good crash).mp4,420,0
Lucas_Cornale_1_at_38_off_good_crash_f00426,train,data/videos/front_view/Lucas Cornale 1 at 38 off (good crash).mp4,426,0
Lucas_Cornale_1_at_38_off_good_crash_f00432,train,data/videos/front_view/Lucas Cornale 1 at 38 off (good crash).mp4,432,0
Lucas_Cornale_1_at_38_off_good_crash_f00438,train,data/videos/front_view/Lucas Cornale 1 at 38 off (good crash).mp4,438,0
Lucas_Cornale_1_at_38_off_good_crash_f00444,train,data/videos/front_view/Lucas Cornale 1 at 38 off (good crash).mp4,444,0
Lucas_Cornale_1_at_38_off_good_crash_f00450,train,data/videos/front_view/Lucas Cornale 1 at 38 off (good crash).mp4,450,0
Lucas_Cornale_1_at_38_off_good_crash_f00456,train,data/videos/front_view/Lucas Cornale 1 at 38 off (good crash).mp4,456,0
Lucas_Cornale_1_at_38_off_good_crash_f00462,train,data/videos/front_view/Lucas Cornale 1 at 38 off (good crash).mp4,462,0
Lucas_Cornale_1_at_38_off_good_crash_f00468,train,data/videos/front_view/Lucas Cornale 1 at 38 off (good crash).mp4,468,0
Lucas_Cornale_1_at_38_off_good_crash_f00474,train,data/videos/front_view/Lucas Cornale 1 at 38 off (good crash).mp4,474,1
Lucas_Cornale_1_at_38_off_good_crash_f00480,train,data/videos/front_view/Lucas Cornale 1 at 38 off (good crash).mp4,480,0
Lucas_Cornale_1_at_38_off_good_crash_f00486,train,data/videos/front_view/Lucas Cornale 1 at 38 off (good crash).mp4,486,0
Lucas_Cornale_1_at_38_off_good_crash_f00492,train,data/videos/front_view/Lucas Cornale 1 at 38 off (good crash).mp4,492,0
Lucas_Cornale_1_at_38_off_good_crash_f00498,train,data/videos/front_view/Lucas Cornale 1 at 38 off (good crash).mp4,498,0
Lucas_Cornale_1_at_38_off_good_crash_f00504,train,data/videos/front_view/Lucas Cornale 1 at 38 off (good crash).mp4,504,0
Lucas_Cornale_1_at_38_off_good_crash_f00510,train,data/videos/front_view/Lucas Cornale 1 at 38 off (good crash).mp4,510,0
Lucas_Cornale_1_at_38_off_good_crash_f00516,train,data/videos/front_view/Lucas Cornale 1 at 38 off (good crash).mp4,516,0
Lucas_Cornale_1_at_38_off_good_crash_f00522,train,data/videos/front_view/Lucas Cornale 1 at 38 off (good crash).mp4,522,0
Lucas_Cornale_1_at_38_off_good_crash_f00528,train,data/videos/front_view/Lucas Cornale 1 at 38 off (good crash).mp4,528,1
Lucas_Cornale_1_at_38_off_good_crash_f00534,train,data/videos/front_view/Lucas Cornale 1 at 38 off (good crash).mp4,534,1
Lucas_Cornale_1_at_38_off_good_crash_f00540,train,data/videos/front_view/Lucas Cornale 1 at 38 off (good crash).mp4,540,1
Lucas_Cornale_1_at_38_off_good_crash_f00546,train,data/videos/front_view/Lucas Cornale 1 at 38 off (good crash).mp4,546,1
Lucas_Cornale_6_at_35_off_f00000,val,data/videos/front_view/Lucas Cornale 6 at 35 off.mp4,0,2
Lucas_Cornale_6_at_35_off_f00006,val,data/videos/front_view/Lucas Cornale 6 at 35 off.mp4,6,2
Lucas_Cornale_6_at_35_off_f00012,val,data/videos/front_view/Lucas Cornale 6 at 35 off.mp4,12,0
Lucas_Cornale_6_at_35_off_f00018,val,data/videos/front_view/Lucas Cornale 6 at 35 off.mp4,18,1
Lucas_Cornale_6_at_35_off_f00024,val,data/videos/front_view/Lucas Cornale 6 at 35 off.mp4,24,1
Lucas_Cornale_6_at_35_off_f00030,val,data/videos/front_view/Lucas Cornale 6 at 35 off.mp4,30,0
Lucas_Cornale_6_at_35_off_f00036,val,data/videos/front_view/Lucas Cornale 6 at 35 off.mp4,36,0
Lucas_Cornale_6_at_35_off_f00042,val,data/videos/front_view/Lucas Cornale 6 at 35 off.mp4,42,0
Lucas_Cornale_6_at_35_off_f00048,val,data/videos/front_view/Lucas Cornale 6 at 35 off.mp4,48,0
Lucas_Cornale_6_at_35_off_f00054,val,data/videos/front_view/Lucas Cornale 6 at 35 off.mp4,54,0
Lucas_Cornale_6_at_35_off_f00060,val,data/videos/front_view/Lucas Cornale 6 at 35 off.mp4,60,2
Lucas_Cornale_6_at_35_off_f00066,val,data/videos/front_view/Lucas Cornale 6 at 35 off.mp4,66,1
Lucas_Cornale_6_at_35_off_f00072,val,data/videos/front_view/Lucas Cornale 6 at 35 off.mp4,72,0
Lucas_Cornale_6_at_35_off_f00078,val,data/videos/front_view/Lucas Cornale 6 at 35 off.mp4,78,0
Lucas_Cornale_6_at_35_off_f00084,val,data/videos/front_view/Lucas Cornale 6 at 35 off.mp4,84,0
Lucas_Cornale_6_at_35_off_f00090,val,data/videos/front_view/Lucas Cornale 6 at 35 off.mp4,90,0
Lucas_Cornale_6_at_35_off_f00096,val,data/videos/front_view/Lucas Cornale 6 at 35 off.mp4,96,0
Lucas_Cornale_6_at_35_off_f00102,val,data/videos/front_view/Lucas Cornale 6 at 35 off.mp4,102,0
Lucas_Cornale_6_at_35_off_f00108,val,data/videos/front_view/Lucas Cornale 6 at 35 off.mp4,108,3
Lucas_Cornale_6_at_35_off_f00114,val,data/videos/front_view/Lucas Cornale 6 at 35 off.mp4,114,2
Lucas_Cornale_6_at_35_off_f00120,val,data/videos/front_view/Lucas Cornale 6 at 35 off.mp4,120,0
Lucas_Cornale_6_at_35_off_f00126,val,data/videos/front_view/Lucas Cornale 6 at 35 off.mp4,126,0
Lucas_Cornale_6_at_35_off_f00132,val,data/videos/front_view/Lucas Cornale 6 at 35 off.mp4,132,0
Lucas_Cornale_6_at_35_off_f00138,val,data/videos/front_view/Lucas Cornale 6 at 35 off.mp4,138,0
Lucas_Cornale_6_at_35_off_f00144,val,data/videos/front_view/Lucas Cornale 6 at 35 off.mp4,144,0
Lucas_Cornale_6_at_35_off_f00150,val,data/videos/front_view/Lucas Cornale 6 at 35 off.mp4,150,0
Lucas_Cornale_6_at_35_off_f00156,val,data/videos/front_view/Lucas Cornale 6 at 35 off.mp4,156,0
Lucas_Cornale_6_at_35_off_f00162,val,data/videos/front_view/Lucas Cornale 6 at 35 off.mp4,162,0
Lucas_Cornale_6_at_35_off_f00168,val,data/videos/front_view/Lucas Cornale 6 at 35 off.mp4,168,0
Lucas_Cornale_6_at_35_off_f00174,val,data/videos/front_view/Lucas Cornale 6 at 35 off.mp4,174,0
Lucas_Cornale_6_at_35_off_f00180,val,data/videos/front_view/Lucas Cornale 6 at 35 off.mp4,180,0
Lucas_Cornale_6_at_35_off_f00186,val,data/videos/front_view/Lucas Cornale 6 at 35 off.mp4,186,0
Lucas_Cornale_6_at_35_off_f00192,val,data/videos/front_view/Lucas Cornale 6 at 35 off.mp4,192,0
Lucas_Cornale_6_at_35_off_f00198,val,data/videos/front_view/Lucas Cornale 6 at 35 off.mp4,198,1
Lucas_Cornale_6_at_35_off_f00204,val,data/videos/front_view/Lucas Cornale 6 at 35 off.mp4,204,0
Lucas_Cornale_6_at_35_off_f00210,val,data/videos/front_view/Lucas Cornale 6 at 35 off.mp4,210,0
Lucas_Cornale_6_at_35_off_f00216,val,data/videos/front_view/Lucas Cornale 6 at 35 off.mp4,216,0
Lucas_Cornale_6_at_35_off_f00222,val,data/videos/front_view/Lucas Cornale 6 at 35 off.mp4,222,0
Lucas_Cornale_6_at_35_off_f00228,val,data/videos/front_view/Lucas Cornale 6 at 35 off.mp4,228,1
Lucas_Cornale_6_at_35_off_f00234,val,data/videos/front_view/Lucas Cornale 6 at 35 off.mp4,234,2
Lucas_Cornale_6_at_35_off_f00240,val,data/videos/front_view/Lucas Cornale 6 at 35 off.mp4,240,1
Lucas_Cornale_6_at_35_off_f00246,val,data/videos/front_view/Lucas Cornale 6 at 35 off.mp4,246,2
Lucas_Cornale_6_at_35_off_f00252,val,data/videos/front_view/Lucas Cornale 6 at 35 off.mp4,252,1
Lucas_Cornale_6_at_35_off_f00258,val,data/videos/front_view/Lucas Cornale 6 at 35 off.mp4,258,2
Lucas_Cornale_6_at_35_off_f00264,val,data/videos/front_view/Lucas Cornale 6 at 35 off.mp4,264,2
Lucas_Cornale_6_at_35_off_f00270,val,data/videos/front_view/Lucas Cornale 6 at 35 off.mp4,270,2
Lucas_Cornale_6_at_35_off_f00276,val,data/videos/front_view/Lucas Cornale 6 at 35 off.mp4,276,0
Lucas_Cornale_6_at_35_off_f00282,val,data/videos/front_view/Lucas Cornale 6 at 35 off.mp4,282,1
Lucas_Cornale_6_at_35_off_f00288,val,data/videos/front_view/Lucas Cornale 6 at 35 off.mp4,288,1
Lucas_Cornale_6_at_35_off_f00294,val,data/videos/front_view/Lucas Cornale 6 at 35 off.mp4,294,0
Lucas_Cornale_6_at_35_off_f00300,val,data/videos/front_view/Lucas Cornale 6 at 35 off.mp4,300,1
Lucas_Cornale_6_at_35_off_f00306,val,data/videos/front_view/Lucas Cornale 6 at 35 off.mp4,306,1
Lucas_Cornale_6_at_35_off_f00312,val,data/videos/front_view/Lucas Cornale 6 at 35 off.mp4,312,2
Lucas_Cornale_6_at_35_off_f00318,val,data/videos/front_view/Lucas Cornale 6 at 35 off.mp4,318,2
Lucas_Cornale_6_at_35_off_f00324,val,data/videos/front_view/Lucas Cornale 6 at 35 off.mp4,324,2
Lucas_Cornale_6_at_35_off_f00330,val,data/videos/front_view/Lucas Cornale 6 at 35 off.mp4,330,1
Lucas_Cornale_6_at_35_off_f00336,val,data/videos/front_view/Lucas Cornale 6 at 35 off.mp4,336,0
Lucas_Cornale_6_at_35_off_f00342,val,data/videos/front_view/Lucas Cornale 6 at 35 off.mp4,342,0
Lucas_Cornale_6_at_35_off_f00348,val,data/videos/front_view/Lucas Cornale 6 at 35 off.mp4,348,0
Lucas_Cornale_6_at_35_off_f00354,val,data/videos/front_view/Lucas Cornale 6 at 35 off.mp4,354,1
Lucas_Cornale_6_at_35_off_f00360,val,data/videos/front_view/Lucas Cornale 6 at 35 off.mp4,360,0
Lucas_Cornale_6_at_35_off_f00366,val,data/videos/front_view/Lucas Cornale 6 at 35 off.mp4,366,0
Lucas_Cornale_6_at_35_off_f00372,val,data/videos/front_view/Lucas Cornale 6 at 35 off.mp4,372,0
Lucas_Cornale_6_at_35_off_f00378,val,data/videos/front_view/Lucas Cornale 6 at 35 off.mp4,378,0
Lucas_Cornale_6_at_35_off_f00384,val,data/videos/front_view/Lucas Cornale 6 at 35 off.mp4,384,1
Lucas_Cornale_6_at_35_off_f00390,val,data/videos/front_view/Lucas Cornale 6 at 35 off.mp4,390,2
Lucas_Cornale_6_at_35_off_f00396,val,data/videos/front_view/Lucas Cornale 6 at 35 off.mp4,396,2
Lucas_Cornale_6_at_35_off_f00402,val,data/videos/front_view/Lucas Cornale 6 at 35 off.mp4,402,2
Lucas_Cornale_6_at_35_off_f00408,val,data/videos/front_view/Lucas Cornale 6 at 35 off.mp4,408,2
Lucas_Cornale_6_at_35_off_f00414,val,data/videos/front_view/Lucas Cornale 6 at 35 off.mp4,414,2
Lucas_Cornale_6_at_35_off_f00420,val,data/videos/front_view/Lucas Cornale 6 at 35 off.mp4,420,1
Lucas_Cornale_6_at_35_off_f00426,val,data/videos/front_view/Lucas Cornale 6 at 35 off.mp4,426,0
Lucas_Cornale_6_at_35_off_f00432,val,data/videos/front_view/Lucas Cornale 6 at 35 off.mp4,432,0
Lucas_Cornale_6_at_35_off_f00438,val,data/videos/front_view/Lucas Cornale 6 at 35 off.mp4,438,0
Lucas_Cornale_6_at_35_off_f00444,val,data/videos/front_view/Lucas Cornale 6 at 35 off.mp4,444,1
Lucas_Cornale_6_at_35_off_f00450,val,data/videos/front_view/Lucas Cornale 6 at 35 off.mp4,450,1
Lucas_Cornale_6_at_35_off_f00456,val,data/videos/front_view/Lucas Cornale 6 at 35 off.mp4,456,1
Lucas_Cornale_6_at_35_off_f00462,val,data/videos/front_view/Lucas Cornale 6 at 35 off.mp4,462,1
Lucas_Cornale_6_at_35_off_f00468,val,data/videos/front_view/Lucas Cornale 6 at 35 off.mp4,468,2
Lucas_Cornale_6_at_35_off_f00474,val,data/videos/front_view/Lucas Cornale 6 at 35 off.mp4,474,2
Lucas_Cornale_6_at_35_off_f00480,val,data/videos/front_view/Lucas Cornale 6 at 35 off.mp4,480,1
Lucas_Cornale_6_at_35_off_f00486,val,data/videos/front_view/Lucas Cornale 6 at 35 off.mp4,486,0
Lucas_Cornale_6_at_35_off_f00492,val,data/videos/front_view/Lucas Cornale 6 at 35 off.mp4,492,0
Lucas_Cornale_6_at_35_off_f00498,val,data/videos/front_view/Lucas Cornale 6 at 35 off.mp4,498,0
Lucas_Cornale_6_at_35_off_f00504,val,data/videos/front_view/Lucas Cornale 6 at 35 off.mp4,504,1
Lucas_Cornale_6_at_35_off_f00510,val,data/videos/front_view/Lucas Cornale 6 at 35 off.mp4,510,0
Lucas_Cornale_6_at_35_off_f00516,val,data/videos/front_view/Lucas Cornale 6 at 35 off.mp4,516,0
Lucas_Cornale_6_at_35_off_f00522,val,data/videos/front_view/Lucas Cornale 6 at 35 off.mp4,522,0
Lucas_Cornale_6_at_35_off_f00528,val,data/videos/front_view/Lucas Cornale 6 at 35 off.mp4,528,0
Lucas_Cornale_6_at_35_off_f00534,val,data/videos/front_view/Lucas Cornale 6 at 35 off.mp4,534,0
Lucas_Cornale_6_at_35_off_f00540,val,data/videos/front_view/Lucas Cornale 6 at 35 off.mp4,540,0
Lucas_Cornale_6_at_35_off_f00546,val,data/videos/front_view/Lucas Cornale 6 at 35 off.mp4,546,2
Lucas_Cornale_6_at_35_off_f00552,val,data/videos/front_view/Lucas Cornale 6 at 35 off.mp4,552,2
Lucas_Cornale_6_at_35_off_f00558,val,data/videos/front_view/Lucas Cornale 6 at 35 off.mp4,558,2
Lucas_Cornale_6_at_35_off_f00564,val,data/videos/front_view/Lucas Cornale 6 at 35 off.mp4,564,2
Lucas_Cornale_6_at_35_off_f00570,val,data/videos/front_view/Lucas Cornale 6 at 35 off.mp4,570,0
Lucas_Cornale_6_at_35_off_f00576,val,data/videos/front_view/Lucas Cornale 6 at 35 off.mp4,576,1
Lucas_Cornale_6_at_35_off_f00582,val,data/videos/front_view/Lucas Cornale 6 at 35 off.mp4,582,2
Lucas_Cornale_6_at_35_off_f00588,val,data/videos/front_view/Lucas Cornale 6 at 35 off.mp4,588,1
Lucas_Cornale_6_at_35_off_f00594,val,data/videos/front_view/Lucas Cornale 6 at 35 off.mp4,594,1
Lucas_Cornale_6_at_35_off_f00600,val,data/videos/front_view/Lucas Cornale 6 at 35 off.mp4,600,2
Lucas_Cornale_6_at_35_off_f00606,val,data/videos/front_view/Lucas Cornale 6 at 35 off.mp4,606,1
Lucas_Cornale_6_at_35_off_f00612,val,data/videos/front_view/Lucas Cornale 6 at 35 off.mp4,612,3
Lucas_Cornale_6_at_35_off_f00618,val,data/videos/front_view/Lucas Cornale 6 at 35 off.mp4,618,6
Lucas_Cornale_6_at_35_off_f00624,val,data/videos/front_view/Lucas Cornale 6 at 35 off.mp4,624,4
Lucas_Cornale_6_at_35_off_f00630,val,data/videos/front_view/Lucas Cornale 6 at 35 off.mp4,630,1
Lucas_Cornale_6_at_35_off_f00636,val,data/videos/front_view/Lucas Cornale 6 at 35 off.mp4,636,0
Lucas_Cornale_6_at_35_off_f00642,val,data/videos/front_view/Lucas Cornale 6 at 35 off.mp4,642,4
Lucas_Cornale_6_at_35_off_f00648,val,data/videos/front_view/Lucas Cornale 6 at 35 off.mp4,648,1
Lucas_Cornale_6_at_35_off_f00654,val,data/videos/front_view/Lucas Cornale 6 at 35 off.mp4,654,0
Lucas_Cornale_6_at_35_off_f00660,val,data/videos/front_view/Lucas Cornale 6 at 35 off.mp4,660,0
Lucas_Cornale_6_at_35_off_f00666,val,data/videos/front_view/Lucas Cornale 6 at 35 off.mp4,666,0
Lucas_Cornale_6_at_35_off_f00672,val,data/videos/front_view/Lucas Cornale 6 at 35 off.mp4,672,0
Lucas_Cornale_6_at_35_off_f00678,val,data/videos/front_view/Lucas Cornale 6 at 35 off.mp4,678,0
Lucas_Cornale_6_at_35_off_f00684,val,data/videos/front_view/Lucas Cornale 6 at 35 off.mp4,684,0
Lucas_Cornale_6_at_35_off_f00690,val,data/videos/front_view/Lucas Cornale 6 at 35 off.mp4,690,0
Lucas_Cornale_6_at_35_off_f00696,val,data/videos/front_view/Lucas Cornale 6 at 35 off.mp4,696,0
Lucas_Cornale_6_at_35_off_f00702,val,data/videos/front_view/Lucas Cornale 6 at 35 off.mp4,702,4
Lucas_Cornale_6_at_35_off_f00708,val,data/videos/front_view/Lucas Cornale 6 at 35 off.mp4,708,5
Lucas_Cornale_6_at_35_off_f00714,val,data/videos/front_view/Lucas Cornale 6 at 35 off.mp4,714,5
Lucas_Cornale_6_at_35_off_f00720,val,data/videos/front_view/Lucas Cornale 6 at 35 off.mp4,720,4
Lucas_Cornale_6_at_35_off_f00726,val,data/videos/front_view/Lucas Cornale 6 at 35 off.mp4,726,2
Lucas_Cornale_6_at_35_off_f00732,val,data/videos/front_view/Lucas Cornale 6 at 35 off.mp4,732,1
Lucas_Cornale_6_at_35_off_f00738,val,data/videos/front_view/Lucas Cornale 6 at 35 off.mp4,738,3
Lucas_Cornale_6_at_35_off_f00744,val,data/videos/front_view/Lucas Cornale 6 at 35 off.mp4,744,1
Lucas_Cornale_6_at_35_off_f00750,val,data/videos/front_view/Lucas Cornale 6 at 35 off.mp4,750,2
Lucas_Cornale_6_at_35_off_f00756,val,data/videos/front_view/Lucas Cornale 6 at 35 off.mp4,756,1
Vincenzo_Marino_2_at_39.5_off_f00000,train,data/videos/front_view/Vincenzo Marino 2 at 39.5 off.mp4,0,0
Vincenzo_Marino_2_at_39.5_off_f00006,train,data/videos/front_view/Vincenzo Marino 2 at 39.5 off.mp4,6,0
Vincenzo_Marino_2_at_39.5_off_f00012,train,data/videos/front_view/Vincenzo Marino 2 at 39.5 off.mp4,12,0
Vincenzo_Marino_2_at_39.5_off_f00018,train,data/videos/front_view/Vincenzo Marino 2 at 39.5 off.mp4,18,0
Vincenzo_Marino_2_at_39.5_off_f00024,train,data/videos/front_view/Vincenzo Marino 2 at 39.5 off.mp4,24,0
Vincenzo_Marino_2_at_39.5_off_f00030,train,data/videos/front_view/Vincenzo Marino 2 at 39.5 off.mp4,30,0
Vincenzo_Marino_2_at_39.5_off_f00036,train,data/videos/front_view/Vincenzo Marino 2 at 39.5 off.mp4,36,0
Vincenzo_Marino_2_at_39.5_off_f00042,train,data/videos/front_view/Vincenzo Marino 2 at 39.5 off.mp4,42,0
Vincenzo_Marino_2_at_39.5_off_f00048,train,data/videos/front_view/Vincenzo Marino 2 at 39.5 off.mp4,48,0
Vincenzo_Marino_2_at_39.5_off_f00054,train,data/videos/front_view/Vincenzo Marino 2 at 39.5 off.mp4,54,0
Vincenzo_Marino_2_at_39.5_off_f00060,train,data/videos/front_view/Vincenzo Marino 2 at 39.5 off.mp4,60,0
Vincenzo_Marino_2_at_39.5_off_f00066,train,data/videos/front_view/Vincenzo Marino 2 at 39.5 off.mp4,66,0
Vincenzo_Marino_2_at_39.5_off_f00072,train,data/videos/front_view/Vincenzo Marino 2 at 39.5 off.mp4,72,0
Vincenzo_Marino_2_at_39.5_off_f00078,train,data/videos/front_view/Vincenzo Marino 2 at 39.5 off.mp4,78,0
Vincenzo_Marino_2_at_39.5_off_f00084,train,data/videos/front_view/Vincenzo Marino 2 at 39.5 off.mp4,84,0
Vincenzo_Marino_2_at_39.5_off_f00090,train,data/videos/front_view/Vincenzo Marino 2 at 39.5 off.mp4,90,0
Vincenzo_Marino_2_at_39.5_off_f00096,train,data/videos/front_view/Vincenzo Marino 2 at 39.5 off.mp4,96,0
Vincenzo_Marino_2_at_39.5_off_f00102,train,data/videos/front_view/Vincenzo Marino 2 at 39.5 off.mp4,102,0
Vincenzo_Marino_2_at_39.5_off_f00108,train,data/videos/front_view/Vincenzo Marino 2 at 39.5 off.mp4,108,0
Vincenzo_Marino_2_at_39.5_off_f00114,train,data/videos/front_view/Vincenzo Marino 2 at 39.5 off.mp4,114,0
Vincenzo_Marino_2_at_39.5_off_f00120,train,data/videos/front_view/Vincenzo Marino 2 at 39.5 off.mp4,120,0
Vincenzo_Marino_2_at_39.5_off_f00126,train,data/videos/front_view/Vincenzo Marino 2 at 39.5 off.mp4,126,0
Vincenzo_Marino_2_at_39.5_off_f00132,train,data/videos/front_view/Vincenzo Marino 2 at 39.5 off.mp4,132,0
Vincenzo_Marino_2_at_39.5_off_f00138,train,data/videos/front_view/Vincenzo Marino 2 at 39.5 off.mp4,138,0
Vincenzo_Marino_2_at_39.5_off_f00144,train,data/videos/front_view/Vincenzo Marino 2 at 39.5 off.mp4,144,0
Vincenzo_Marino_2_at_39.5_off_f00150,train,data/videos/front_view/Vincenzo Marino 2 at 39.5 off.mp4,150,0
Vincenzo_Marino_2_at_39.5_off_f00156,train,data/videos/front_view/Vincenzo Marino 2 at 39.5 off.mp4,156,0
Vincenzo_Marino_2_at_39.5_off_f00162,train,data/videos/front_view/Vincenzo Marino 2 at 39.5 off.mp4,162,0
Vincenzo_Marino_2_at_39.5_off_f00168,train,data/videos/front_view/Vincenzo Marino 2 at 39.5 off.mp4,168,0
Vincenzo_Marino_2_at_39.5_off_f00174,train,data/videos/front_view/Vincenzo Marino 2 at 39.5 off.mp4,174,0
Vincenzo_Marino_2_at_39.5_off_f00180,train,data/videos/front_view/Vincenzo Marino 2 at 39.5 off.mp4,180,0
Vincenzo_Marino_2_at_39.5_off_f00186,train,data/videos/front_view/Vincenzo Marino 2 at 39.5 off.mp4,186,0
Vincenzo_Marino_2_at_39.5_off_f00192,train,data/videos/front_view/Vincenzo Marino 2 at 39.5 off.mp4,192,0
Vincenzo_Marino_2_at_39.5_off_f00198,train,data/videos/front_view/Vincenzo Marino 2 at 39.5 off.mp4,198,0
Vincenzo_Marino_2_at_39.5_off_f00204,train,data/videos/front_view/Vincenzo Marino 2 at 39.5 off.mp4,204,0
Vincenzo_Marino_2_at_39.5_off_f00210,train,data/videos/front_view/Vincenzo Marino 2 at 39.5 off.mp4,210,1
Vincenzo_Marino_2_at_39.5_off_f00216,train,data/videos/front_view/Vincenzo Marino 2 at 39.5 off.mp4,216,1
Vincenzo_Marino_2_at_39.5_off_f00222,train,data/videos/front_view/Vincenzo Marino 2 at 39.5 off.mp4,222,1
Vincenzo_Marino_2_at_39.5_off_f00228,train,data/videos/front_view/Vincenzo Marino 2 at 39.5 off.mp4,228,0
Vincenzo_Marino_2_at_39.5_off_f00234,train,data/videos/front_view/Vincenzo Marino 2 at 39.5 off.mp4,234,0
Vincenzo_Marino_2_at_39.5_off_f00240,train,data/videos/front_view/Vincenzo Marino 2 at 39.5 off.mp4,240,0
Vincenzo_Marino_2_at_39.5_off_f00246,train,data/videos/front_view/Vincenzo Marino 2 at 39.5 off.mp4,246,0
Vincenzo_Marino_2_at_39.5_off_f00252,train,data/videos/front_view/Vincenzo Marino 2 at 39.5 off.mp4,252,0
Vincenzo_Marino_2_at_39.5_off_f00258,train,data/videos/front_view/Vincenzo Marino 2 at 39.5 off.mp4,258,0
Vincenzo_Marino_2_at_39.5_off_f00264,train,data/videos/front_view/Vincenzo Marino 2 at 39.5 off.mp4,264,0
Vincenzo_Marino_2_at_39.5_off_f00270,train,data/videos/front_view/Vincenzo Marino 2 at 39.5 off.mp4,270,0
Vincenzo_Marino_2_at_39.5_off_f00276,train,data/videos/front_view/Vincenzo Marino 2 at 39.5 off.mp4,276,0
Vincenzo_Marino_2_at_39.5_off_f00282,train,data/videos/front_view/Vincenzo Marino 2 at 39.5 off.mp4,282,0
Vincenzo_Marino_2_at_39.5_off_f00288,train,data/videos/front_view/Vincenzo Marino 2 at 39.5 off.mp4,288,0
Vincenzo_Marino_2_at_39.5_off_f00294,train,data/videos/front_view/Vincenzo Marino 2 at 39.5 off.mp4,294,0
Vincenzo_Marino_2_at_39.5_off_f00300,train,data/videos/front_view/Vincenzo Marino 2 at 39.5 off.mp4,300,0
Vincenzo_Marino_2_at_39.5_off_f00306,train,data/videos/front_view/Vincenzo Marino 2 at 39.5 off.mp4,306,0
Vincenzo_Marino_2_at_39.5_off_f00312,train,data/videos/front_view/Vincenzo Marino 2 at 39.5 off.mp4,312,0
Vincenzo_Marino_2_at_39.5_off_f00318,train,data/videos/front_view/Vincenzo Marino 2 at 39.5 off.mp4,318,0
Vincenzo_Marino_2_at_39.5_off_f00324,train,data/videos/front_view/Vincenzo Marino 2 at 39.5 off.mp4,324,0
Vincenzo_Marino_2_at_39.5_off_f00330,train,data/videos/front_view/Vincenzo Marino 2 at 39.5 off.mp4,330,0
Vincenzo_Marino_2_at_39.5_off_f00336,train,data/videos/front_view/Vincenzo Marino 2 at 39.5 off.mp4,336,0
Vincenzo_Marino_2_at_39.5_off_f00342,train,data/videos/front_view/Vincenzo Marino 2 at 39.5 off.mp4,342,0
Vincenzo_Marino_2_at_39.5_off_f00348,train,data/videos/front_view/Vincenzo Marino 2 at 39.5 off.mp4,348,0
Vincenzo_Marino_2_at_39.5_off_f00354,train,data/videos/front_view/Vincenzo Marino 2 at 39.5 off.mp4,354,0
Vincenzo_Marino_2_at_39.5_off_f00360,train,data/videos/front_view/Vincenzo Marino 2 at 39.5 off.mp4,360,0
Vincenzo_Marino_2_at_39.5_off_f00366,train,data/videos/front_view/Vincenzo Marino 2 at 39.5 off.mp4,366,0
Vincenzo_Marino_2_at_39.5_off_f00372,train,data/videos/front_view/Vincenzo Marino 2 at 39.5 off.mp4,372,0
Vincenzo_Marino_2_at_39.5_off_f00378,train,data/videos/front_view/Vincenzo Marino 2 at 39.5 off.mp4,378,0
Vincenzo_Marino_2_at_39.5_off_f00384,train,data/videos/front_view/Vincenzo Marino 2 at 39.5 off.mp4,384,1
Vincenzo_Marino_2_at_39.5_off_f00390,train,data/videos/front_view/Vincenzo Marino 2 at 39.5 off.mp4,390,1
Vincenzo_Marino_2_at_39.5_off_f00396,train,data/videos/front_view/Vincenzo Marino 2 at 39.5 off.mp4,396,0
Vincenzo_Marino_2_at_39.5_off_f00402,train,data/videos/front_view/Vincenzo Marino 2 at 39.5 off.mp4,402,0
Vincenzo_Marino_2_at_39.5_off_f00408,train,data/videos/front_view/Vincenzo Marino 2 at 39.5 off.mp4,408,0
Vincenzo_Marino_2_at_39.5_off_f00414,train,data/videos/front_view/Vincenzo Marino 2 at 39.5 off.mp4,414,0
Vincenzo_Marino_2_at_39.5_off_f00420,train,data/videos/front_view/Vincenzo Marino 2 at 39.5 off.mp4,420,0
Vincenzo_Marino_2_at_39.5_off_f00426,train,data/videos/front_view/Vincenzo Marino 2 at 39.5 off.mp4,426,0
Vincenzo_Marino_2_at_39.5_off_f00432,train,data/videos/front_view/Vincenzo Marino 2 at 39.5 off.mp4,432,0
Vincenzo_Marino_2_at_39.5_off_f00438,train,data/videos/front_view/Vincenzo Marino 2 at 39.5 off.mp4,438,0
Vincenzo_Marino_2_at_39.5_off_f00444,train,data/videos/front_view/Vincenzo Marino 2 at 39.5 off.mp4,444,0
Vincenzo_Marino_2_at_39.5_off_f00450,train,data/videos/front_view/Vincenzo Marino 2 at 39.5 off.mp4,450,0
Vincenzo_Marino_2_at_39.5_off_f00456,train,data/videos/front_view/Vincenzo Marino 2 at 39.5 off.mp4,456,0
Vincenzo_Marino_2_at_39.5_off_f00462,train,data/videos/front_view/Vincenzo Marino 2 at 39.5 off.mp4,462,0
Vincenzo_Marino_2_at_39.5_off_f00468,train,data/videos/front_view/Vincenzo Marino 2 at 39.5 off.mp4,468,0
Vincenzo_Marino_2_at_39.5_off_f00474,train,data/videos/front_view/Vincenzo Marino 2 at 39.5 off.mp4,474,0
Vincenzo_Marino_2_at_39.5_off_f00480,train,data/videos/front_view/Vincenzo Marino 2 at 39.5 off.mp4,480,0
Vincenzo_Marino_2_at_39.5_off_f00486,train,data/videos/front_view/Vincenzo Marino 2 at 39.5 off.mp4,486,0
Vincenzo_Marino_2_at_39.5_off_f00492,train,data/videos/front_view/Vincenzo Marino 2 at 39.5 off.mp4,492,0
Vincenzo_Marino_2_at_39.5_off_f00498,train,data/videos/front_view/Vincenzo Marino 2 at 39.5 off.mp4,498,0
Vincenzo_Marino_2_at_39.5_off_f00504,train,data/videos/front_view/Vincenzo Marino 2 at 39.5 off.mp4,504,0
Vincenzo_Marino_2_at_39.5_off_f00510,train,data/videos/front_view/Vincenzo Marino 2 at 39.5 off.mp4,510,0
Vincenzo_Marino_2_at_39.5_off_f00516,train,data/videos/front_view/Vincenzo Marino 2 at 39.5 off.mp4,516,0
Vincenzo_Marino_2_at_39.5_off_f00522,train,data/videos/front_view/Vincenzo Marino 2 at 39.5 off.mp4,522,0
Vincenzo_Marino_2_at_39.5_off_f00528,train,data/videos/front_view/Vincenzo Marino 2 at 39.5 off.mp4,528,0
Vincenzo_Marino_2_at_39.5_off_f00534,train,data/videos/front_view/Vincenzo Marino 2 at 39.5 off.mp4,534,0
Vincenzo_Marino_2_at_39.5_off_f00540,train,data/videos/front_view/Vincenzo Marino 2 at 39.5 off.mp4,540,0
Vincenzo_Marino_2_at_39.5_off_f00546,train,data/videos/front_view/Vincenzo Marino 2 at 39.5 off.mp4,546,0
Vincenzo_Marino_2_at_39.5_off_f00552,train,data/videos/front_view/Vincenzo Marino 2 at 39.5 off.mp4,552,0
Vincenzo_Marino_2_at_39.5_off_f00558,train,data/videos/front_view/Vincenzo Marino 2 at 39.5 off.mp4,558,0
Vincenzo_Marino_2_at_39.5_off_f00564,train,data/videos/front_view/Vincenzo Marino 2 at 39.5 off.mp4,564,0
Vincenzo_Marino_2_at_39.5_off_f00570,train,data/videos/front_view/Vincenzo Marino 2 at 39.5 off.mp4,570,0
Vincenzo_Marino_2_at_39.5_off_f00576,train,data/videos/front_view/Vincenzo Marino 2 at 39.5 off.mp4,576,0
Vincenzo_Marino_2_at_39.5_off_f00582,train,data/videos/front_view/Vincenzo Marino 2 at 39.5 off.mp4,582,0
Vincenzo_Marino_2_at_39.5_off_f00588,train,data/videos/front_view/Vincenzo Marino 2 at 39.5 off.mp4,588,0
Vincenzo_Marino_2_at_39.5_off_f00594,train,data/videos/front_view/Vincenzo Marino 2 at 39.5 off.mp4,594,0
Vincenzo_Marino_6_at_28_off_f00000,train,data/videos/front_view/Vincenzo Marino 6 at 28 off.mp4,0,0
Vincenzo_Marino_6_at_28_off_f00006,train,data/videos/front_view/Vincenzo Marino 6 at 28 off.mp4,6,0
Vincenzo_Marino_6_at_28_off_f00012,train,data/videos/front_view/Vincenzo Marino 6 at 28 off.mp4,12,0
Vincenzo_Marino_6_at_28_off_f00018,train,data/videos/front_view/Vincenzo Marino 6 at 28 off.mp4,18,0
Vincenzo_Marino_6_at_28_off_f00024,train,data/videos/front_view/Vincenzo Marino 6 at 28 off.mp4,24,0
Vincenzo_Marino_6_at_28_off_f00030,train,data/videos/front_view/Vincenzo Marino 6 at 28 off.mp4,30,0
Vincenzo_Marino_6_at_28_off_f00036,train,data/videos/front_view/Vincenzo Marino 6 at 28 off.mp4,36,0
Vincenzo_Marino_6_at_28_off_f00042,train,data/videos/front_view/Vincenzo Marino 6 at 28 off.mp4,42,0
Vincenzo_Marino_6_at_28_off_f00048,train,data/videos/front_view/Vincenzo Marino 6 at 28 off.mp4,48,0
Vincenzo_Marino_6_at_28_off_f00054,train,data/videos/front_view/Vincenzo Marino 6 at 28 off.mp4,54,0
Vincenzo_Marino_6_at_28_off_f00060,train,data/videos/front_view/Vincenzo Marino 6 at 28 off.mp4,60,0
Vincenzo_Marino_6_at_28_off_f00066,train,data/videos/front_view/Vincenzo Marino 6 at 28 off.mp4,66,0
Vincenzo_Marino_6_at_28_off_f00072,train,data/videos/front_view/Vincenzo Marino 6 at 28 off.mp4,72,1
Vincenzo_Marino_6_at_28_off_f00078,train,data/videos/front_view/Vincenzo Marino 6 at 28 off.mp4,78,0
Vincenzo_Marino_6_at_28_off_f00084,train,data/videos/front_view/Vincenzo Marino 6 at 28 off.mp4,84,0
Vincenzo_Marino_6_at_28_off_f00090,train,data/videos/front_view/Vincenzo Marino 6 at 28 off.mp4,90,0
Vincenzo_Marino_6_at_28_off_f00096,train,data/videos/front_view/Vincenzo Marino 6 at 28 off.mp4,96,0
Vincenzo_Marino_6_at_28_off_f00102,train,data/videos/front_view/Vincenzo Marino 6 at 28 off.mp4,102,0
Vincenzo_Marino_6_at_28_off_f00108,train,data/videos/front_view/Vincenzo Marino 6 at 28 off.mp4,108,0
Vincenzo_Marino_6_at_28_off_f00114,train,data/videos/front_view/Vincenzo Marino 6 at 28 off.mp4,114,0
Vincenzo_Marino_6_at_28_off_f00120,train,data/videos/front_view/Vincenzo Marino 6 at 28 off.mp4,120,0
Vincenzo_Marino_6_at_28_off_f00126,train,data/videos/front_view/Vincenzo Marino 6 at 28 off.mp4,126,0
Vincenzo_Marino_6_at_28_off_f00132,train,data/videos/front_view/Vincenzo Marino 6 at 28 off.mp4,132,0
Vincenzo_Marino_6_at_28_off_f00138,train,data/videos/front_view/Vincenzo Marino 6 at 28 off.mp4,138,0
Vincenzo_Marino_6_at_28_off_f00144,train,data/videos/front_view/Vincenzo Marino 6 at 28 off.mp4,144,0
Vincenzo_Marino_6_at_28_off_f00150,train,data/videos/front_view/Vincenzo Marino 6 at 28 off.mp4,150,0
Vincenzo_Marino_6_at_28_off_f00156,train,data/videos/front_view/Vincenzo Marino 6 at 28 off.mp4,156,0
Vincenzo_Marino_6_at_28_off_f00162,train,data/videos/front_view/Vincenzo Marino 6 at 28 off.mp4,162,0
Vincenzo_Marino_6_at_28_off_f00168,train,data/videos/front_view/Vincenzo Marino 6 at 28 off.mp4,168,0
Vincenzo_Marino_6_at_28_off_f00174,train,data/videos/front_view/Vincenzo Marino 6 at 28 off.mp4,174,0
Vincenzo_Marino_6_at_28_off_f00180,train,data/videos/front_view/Vincenzo Marino 6 at 28 off.mp4,180,0
Vincenzo_Marino_6_at_28_off_f00186,train,data/videos/front_view/Vincenzo Marino 6 at 28 off.mp4,186,0
Vincenzo_Marino_6_at_28_off_f00192,train,data/videos/front_view/Vincenzo Marino 6 at 28 off.mp4,192,0
Vincenzo_Marino_6_at_28_off_f00198,train,data/videos/front_view/Vincenzo Marino 6 at 28 off.mp4,198,0
Vincenzo_Marino_6_at_28_off_f00204,train,data/videos/front_view/Vincenzo Marino 6 at 28 off.mp4,204,0
Vincenzo_Marino_6_at_28_off_f00210,train,data/videos/front_view/Vincenzo Marino 6 at 28 off.mp4,210,0
Vincenzo_Marino_6_at_28_off_f00216,train,data/videos/front_view/Vincenzo Marino 6 at 28 off.mp4,216,0
Vincenzo_Marino_6_at_28_off_f00222,train,data/videos/front_view/Vincenzo Marino 6 at 28 off.mp4,222,0
Vincenzo_Marino_6_at_28_off_f00228,train,data/videos/front_view/Vincenzo Marino 6 at 28 off.mp4,228,0
Vincenzo_Marino_6_at_28_off_f00234,train,data/videos/front_view/Vincenzo Marino 6 at 28 off.mp4,234,0
Vincenzo_Marino_6_at_28_off_f00240,train,data/videos/front_view/Vincenzo Marino 6 at 28 off.mp4,240,0
Vincenzo_Marino_6_at_28_off_f00246,train,data/videos/front_view/Vincenzo Marino 6 at 28 off.mp4,246,0
Vincenzo_Marino_6_at_28_off_f00252,train,data/videos/front_view/Vincenzo Marino 6 at 28 off.mp4,252,0
Vincenzo_Marino_6_at_28_off_f00258,train,data/videos/front_view/Vincenzo Marino 6 at 28 off.mp4,258,0
Vincenzo_Marino_6_at_28_off_f00264,train,data/videos/front_view/Vincenzo Marino 6 at 28 off.mp4,264,0
Vincenzo_Marino_6_at_28_off_f00270,train,data/videos/front_view/Vincenzo Marino 6 at 28 off.mp4,270,0
Vincenzo_Marino_6_at_28_off_f00276,train,data/videos/front_view/Vincenzo Marino 6 at 28 off.mp4,276,1
Vincenzo_Marino_6_at_28_off_f00282,train,data/videos/front_view/Vincenzo Marino 6 at 28 off.mp4,282,1
Vincenzo_Marino_6_at_28_off_f00288,train,data/videos/front_view/Vincenzo Marino 6 at 28 off.mp4,288,1
Vincenzo_Marino_6_at_28_off_f00294,train,data/videos/front_view/Vincenzo Marino 6 at 28 off.mp4,294,0
Vincenzo_Marino_6_at_28_off_f00300,train,data/videos/front_view/Vincenzo Marino 6 at 28 off.mp4,300,1
Vincenzo_Marino_6_at_28_off_f00306,train,data/videos/front_view/Vincenzo Marino 6 at 28 off.mp4,306,0
Vincenzo_Marino_6_at_28_off_f00312,train,data/videos/front_view/Vincenzo Marino 6 at 28 off.mp4,312,0
Vincenzo_Marino_6_at_28_off_f00318,train,data/videos/front_view/Vincenzo Marino 6 at 28 off.mp4,318,0
Vincenzo_Marino_6_at_28_off_f00324,train,data/videos/front_view/Vincenzo Marino 6 at 28 off.mp4,324,0
Vincenzo_Marino_6_at_28_off_f00330,train,data/videos/front_view/Vincenzo Marino 6 at 28 off.mp4,330,0
Vincenzo_Marino_6_at_28_off_f00336,train,data/videos/front_view/Vincenzo Marino 6 at 28 off.mp4,336,0
Vincenzo_Marino_6_at_28_off_f00342,train,data/videos/front_view/Vincenzo Marino 6 at 28 off.mp4,342,0
Vincenzo_Marino_6_at_28_off_f00348,train,data/videos/front_view/Vincenzo Marino 6 at 28 off.mp4,348,0
Vincenzo_Marino_6_at_28_off_f00354,train,data/videos/front_view/Vincenzo Marino 6 at 28 off.mp4,354,1
Vincenzo_Marino_6_at_28_off_f00360,train,data/videos/front_view/Vincenzo Marino 6 at 28 off.mp4,360,0
Vincenzo_Marino_6_at_28_off_f00366,train,data/videos/front_view/Vincenzo Marino 6 at 28 off.mp4,366,0
Vincenzo_Marino_6_at_28_off_f00372,train,data/videos/front_view/Vincenzo Marino 6 at 28 off.mp4,372,0
Vincenzo_Marino_6_at_28_off_f00378,train,data/videos/front_view/Vincenzo Marino 6 at 28 off.mp4,378,0
Vincenzo_Marino_6_at_28_off_f00384,train,data/videos/front_view/Vincenzo Marino 6 at 28 off.mp4,384,0
Vincenzo_Marino_6_at_28_off_f00390,train,data/videos/front_view/Vincenzo Marino 6 at 28 off.mp4,390,0
Vincenzo_Marino_6_at_28_off_f00396,train,data/videos/front_view/Vincenzo Marino 6 at 28 off.mp4,396,0
Vincenzo_Marino_6_at_28_off_f00402,train,data/videos/front_view/Vincenzo Marino 6 at 28 off.mp4,402,0
Vincenzo_Marino_6_at_28_off_f00408,train,data/videos/front_view/Vincenzo Marino 6 at 28 off.mp4,408,0
Vincenzo_Marino_6_at_28_off_f00414,train,data/videos/front_view/Vincenzo Marino 6 at 28 off.mp4,414,0
Vincenzo_Marino_6_at_28_off_f00420,train,data/videos/front_view/Vincenzo Marino 6 at 28 off.mp4,420,0
Vincenzo_Marino_6_at_28_off_f00426,train,data/videos/front_view/Vincenzo Marino 6 at 28 off.mp4,426,0
Vincenzo_Marino_6_at_28_off_f00432,train,data/videos/front_view/Vincenzo Marino 6 at 28 off.mp4,432,0
Vincenzo_Marino_6_at_28_off_f00438,train,data/videos/front_view/Vincenzo Marino 6 at 28 off.mp4,438,0
Vincenzo_Marino_6_at_28_off_f00444,train,data/videos/front_view/Vincenzo Marino 6 at 28 off.mp4,444,0
Vincenzo_Marino_6_at_28_off_f00450,train,data/videos/front_view/Vincenzo Marino 6 at 28 off.mp4,450,0
Vincenzo_Marino_6_at_28_off_f00456,train,data/videos/front_view/Vincenzo Marino 6 at 28 off.mp4,456,0
Vincenzo_Marino_6_at_28_off_f00462,train,data/videos/front_view/Vincenzo Marino 6 at 28 off.mp4,462,0
Vincenzo_Marino_6_at_28_off_f00468,train,data/videos/front_view/Vincenzo Marino 6 at 28 off.mp4,468,0
Vincenzo_Marino_6_at_28_off_f00474,train,data/videos/front_view/Vincenzo Marino 6 at 28 off.mp4,474,0
Vincenzo_Marino_6_at_28_off_f00480,train,data/videos/front_view/Vincenzo Marino 6 at 28 off.mp4,480,0
Vincenzo_Marino_6_at_28_off_f00486,train,data/videos/front_view/Vincenzo Marino 6 at 28 off.mp4,486,0
Vincenzo_Marino_6_at_28_off_f00492,train,data/videos/front_view/Vincenzo Marino 6 at 28 off.mp4,492,0
Vincenzo_Marino_6_at_28_off_f00498,train,data/videos/front_view/Vincenzo Marino 6 at 28 off.mp4,498,0
Vincenzo_Marino_6_at_28_off_f00504,train,data/videos/front_view/Vincenzo Marino 6 at 28 off.mp4,504,0
Vincenzo_Marino_6_at_28_off_f00510,train,data/videos/front_view/Vincenzo Marino 6 at 28 off.mp4,510,0
Vincenzo_Marino_6_at_28_off_f00516,train,data/videos/front_view/Vincenzo Marino 6 at 28 off.mp4,516,1
Vincenzo_Marino_6_at_28_off_f00522,train,data/videos/front_view/Vincenzo Marino 6 at 28 off.mp4,522,1
Vincenzo_Marino_6_at_28_off_f00528,train,data/videos/front_view/Vincenzo Marino 6 at 28 off.mp4,528,0
Vincenzo_Marino_6_at_28_off_f00534,train,data/videos/front_view/Vincenzo Marino 6 at 28 off.mp4,534,0
Vincenzo_Marino_6_at_28_off_f00540,train,data/videos/front_view/Vincenzo Marino 6 at 28 off.mp4,540,0
Vincenzo_Marino_6_at_28_off_f00546,train,data/videos/front_view/Vincenzo Marino 6 at 28 off.mp4,546,0
Vincenzo_Marino_6_at_28_off_f00552,train,data/videos/front_view/Vincenzo Marino 6 at 28 off.mp4,552,0
Vincenzo_Marino_6_at_28_off_f00558,train,data/videos/front_view/Vincenzo Marino 6 at 28 off.mp4,558,0
Vincenzo_Marino_6_at_28_off_f00564,train,data/videos/front_view/Vincenzo Marino 6 at 28 off.mp4,564,0
Vincenzo_Marino_6_at_28_off_f00570,train,data/videos/front_view/Vincenzo Marino 6 at 28 off.mp4,570,0
Vincenzo_Marino_6_at_28_off_f00576,train,data/videos/front_view/Vincenzo Marino 6 at 28 off.mp4,576,0
Vincenzo_Marino_6_at_28_off_f00582,train,data/videos/front_view/Vincenzo Marino 6 at 28 off.mp4,582,0
Vincenzo_Marino_6_at_28_off_f00588,train,data/videos/front_view/Vincenzo Marino 6 at 28 off.mp4,588,0
Vincenzo_Marino_6_at_28_off_f00594,train,data/videos/front_view/Vincenzo Marino 6 at 28 off.mp4,594,0
Vincenzo_Marino_6_at_28_off_f00600,train,data/videos/front_view/Vincenzo Marino 6 at 28 off.mp4,600,0
Vincenzo_Marino_6_at_28_off_f00606,train,data/videos/front_view/Vincenzo Marino 6 at 28 off.mp4,606,0
Vincenzo_Marino_6_at_28_off_f00612,train,data/videos/front_view/Vincenzo Marino 6 at 28 off.mp4,612,0
Vincenzo_Marino_6_at_28_off_f00618,train,data/videos/front_view/Vincenzo Marino 6 at 28 off.mp4,618,0
Vincenzo_Marino_6_at_28_off_f00624,train,data/videos/front_view/Vincenzo Marino 6 at 28 off.mp4,624,0
Vincenzo_Marino_6_at_28_off_f00630,train,data/videos/front_view/Vincenzo Marino 6 at 28 off.mp4,630,0
Vincenzo_Marino_6_at_28_off_f00636,train,data/videos/front_view/Vincenzo Marino 6 at 28 off.mp4,636,0
Vincenzo_Marino_6_at_28_off_f00642,train,data/videos/front_view/Vincenzo Marino 6 at 28 off.mp4,642,0
Vincenzo_Marino_6_at_28_off_f00648,train,data/videos/front_view/Vincenzo Marino 6 at 28 off.mp4,648,0
Vincenzo_Marino_6_at_28_off_f00654,train,data/videos/front_view/Vincenzo Marino 6 at 28 off.mp4,654,0
Vincenzo_Marino_6_at_28_off_f00660,train,data/videos/front_view/Vincenzo Marino 6 at 28 off.mp4,660,0
Vincenzo_Marino_6_at_28_off_f00666,train,data/videos/front_view/Vincenzo Marino 6 at 28 off.mp4,666,0
Vincenzo_Marino_6_at_28_off_f00672,train,data/videos/front_view/Vincenzo Marino 6 at 28 off.mp4,672,1
Vincenzo_Marino_6_at_28_off_f00678,train,data/videos/front_view/Vincenzo Marino 6 at 28 off.mp4,678,1
Vincenzo_Marino_6_at_28_off_f00684,train,data/videos/front_view/Vincenzo Marino 6 at 28 off.mp4,684,0
Vincenzo_Marino_6_at_28_off_f00690,train,data/videos/front_view/Vincenzo Marino 6 at 28 off.mp4,690,0
Vincenzo_Marino_6_at_28_off_f00696,train,data/videos/front_view/Vincenzo Marino 6 at 28 off.mp4,696,0
Vincenzo_Marino_6_at_28_off_f00702,train,data/videos/front_view/Vincenzo Marino 6 at 28 off.mp4,702,0
Vincenzo_Marino_6_at_28_off_f00708,train,data/videos/front_view/Vincenzo Marino 6 at 28 off.mp4,708,0
Vincenzo_Marino_6_at_28_off_f00714,train,data/videos/front_view/Vincenzo Marino 6 at 28 off.mp4,714,0
Vincenzo_Marino_6_at_28_off_f00720,train,data/videos/front_view/Vincenzo Marino 6 at 28 off.mp4,720,2
Vincenzo_Marino_6_at_28_off_f00726,train,data/videos/front_view/Vincenzo Marino 6 at 28 off.mp4,726,2
Vincenzo_Marino_6_at_28_off_f00732,train,data/videos/front_view/Vincenzo Marino 6 at 28 off.mp4,732,2
Vincenzo_Marino_6_at_28_off_f00738,train,data/videos/front_view/Vincenzo Marino 6 at 28 off.mp4,738,0
Vincenzo_Marino_6_at_28_off_f00744,train,data/videos/front_view/Vincenzo Marino 6 at 28 off.mp4,744,0
Vincenzo_Marino_6_at_28_off_f00750,train,data/videos/front_view/Vincenzo Marino 6 at 28 off.mp4,750,0
Vincenzo_Marino_6_at_32_off_f00000,train,data/videos/front_view/Vincenzo Marino 6 at 32 off.mp4,0,0
Vincenzo_Marino_6_at_32_off_f00006,train,data/videos/front_view/Vincenzo Marino 6 at 32 off.mp4,6,1
Vincenzo_Marino_6_at_32_off_f00012,train,data/videos/front_view/Vincenzo Marino 6 at 32 off.mp4,12,1
Vincenzo_Marino_6_at_32_off_f00018,train,data/videos/front_view/Vincenzo Marino 6 at 32 off.mp4,18,0
Vincenzo_Marino_6_at_32_off_f00024,train,data/videos/front_view/Vincenzo Marino 6 at 32 off.mp4,24,0
Vincenzo_Marino_6_at_32_off_f00030,train,data/videos/front_view/Vincenzo Marino 6 at 32 off.mp4,30,0
Vincenzo_Marino_6_at_32_off_f00036,train,data/videos/front_view/Vincenzo Marino 6 at 32 off.mp4,36,0
Vincenzo_Marino_6_at_32_off_f00042,train,data/videos/front_view/Vincenzo Marino 6 at 32 off.mp4,42,0
Vincenzo_Marino_6_at_32_off_f00048,train,data/videos/front_view/Vincenzo Marino 6 at 32 off.mp4,48,0
Vincenzo_Marino_6_at_32_off_f00054,train,data/videos/front_view/Vincenzo Marino 6 at 32 off.mp4,54,0
Vincenzo_Marino_6_at_32_off_f00060,train,data/videos/front_view/Vincenzo Marino 6 at 32 off.mp4,60,0
Vincenzo_Marino_6_at_32_off_f00066,train,data/videos/front_view/Vincenzo Marino 6 at 32 off.mp4,66,0
Vincenzo_Marino_6_at_32_off_f00072,train,data/videos/front_view/Vincenzo Marino 6 at 32 off.mp4,72,0
Vincenzo_Marino_6_at_32_off_f00078,train,data/videos/front_view/Vincenzo Marino 6 at 32 off.mp4,78,1
Vincenzo_Marino_6_at_32_off_f00084,train,data/videos/front_view/Vincenzo Marino 6 at 32 off.mp4,84,0
Vincenzo_Marino_6_at_32_off_f00090,train,data/videos/front_view/Vincenzo Marino 6 at 32 off.mp4,90,1
Vincenzo_Marino_6_at_32_off_f00096,train,data/videos/front_view/Vincenzo Marino 6 at 32 off.mp4,96,0
Vincenzo_Marino_6_at_32_off_f00102,train,data/videos/front_view/Vincenzo Marino 6 at 32 off.mp4,102,0
Vincenzo_Marino_6_at_32_off_f00108,train,data/videos/front_view/Vincenzo Marino 6 at 32 off.mp4,108,0
Vincenzo_Marino_6_at_32_off_f00114,train,data/videos/front_view/Vincenzo Marino 6 at 32 off.mp4,114,0
Vincenzo_Marino_6_at_32_off_f00120,train,data/videos/front_view/Vincenzo Marino 6 at 32 off.mp4,120,0
Vincenzo_Marino_6_at_32_off_f00126,train,data/videos/front_view/Vincenzo Marino 6 at 32 off.mp4,126,0
Vincenzo_Marino_6_at_32_off_f00132,train,data/videos/front_view/Vincenzo Marino 6 at 32 off.mp4,132,0
Vincenzo_Marino_6_at_32_off_f00138,train,data/videos/front_view/Vincenzo Marino 6 at 32 off.mp4,138,0
Vincenzo_Marino_6_at_32_off_f00144,train,data/videos/front_view/Vincenzo Marino 6 at 32 off.mp4,144,0
Vincenzo_Marino_6_at_32_off_f00150,train,data/videos/front_view/Vincenzo Marino 6 at 32 off.mp4,150,0
Vincenzo_Marino_6_at_32_off_f00156,train,data/videos/front_view/Vincenzo Marino 6 at 32 off.mp4,156,0
Vincenzo_Marino_6_at_32_off_f00162,train,data/videos/front_view/Vincenzo Marino 6 at 32 off.mp4,162,0
Vincenzo_Marino_6_at_32_off_f00168,train,data/videos/front_view/Vincenzo Marino 6 at 32 off.mp4,168,0
Vincenzo_Marino_6_at_32_off_f00174,train,data/videos/front_view/Vincenzo Marino 6 at 32 off.mp4,174,0
Vincenzo_Marino_6_at_32_off_f00180,train,data/videos/front_view/Vincenzo Marino 6 at 32 off.mp4,180,0
Vincenzo_Marino_6_at_32_off_f00186,train,data/videos/front_view/Vincenzo Marino 6 at 32 off.mp4,186,0
Vincenzo_Marino_6_at_32_off_f00192,train,data/videos/front_view/Vincenzo Marino 6 at 32 off.mp4,192,0
Vincenzo_Marino_6_at_32_off_f00198,train,data/videos/front_view/Vincenzo Marino 6 at 32 off.mp4,198,0
Vincenzo_Marino_6_at_32_off_f00204,train,data/videos/front_view/Vincenzo Marino 6 at 32 off.mp4,204,1
Vincenzo_Marino_6_at_32_off_f00210,train,data/videos/front_view/Vincenzo Marino 6 at 32 off.mp4,210,1
Vincenzo_Marino_6_at_32_off_f00216,train,data/videos/front_view/Vincenzo Marino 6 at 32 off.mp4,216,2
Vincenzo_Marino_6_at_32_off_f00222,train,data/videos/front_view/Vincenzo Marino 6 at 32 off.mp4,222,1
Vincenzo_Marino_6_at_32_off_f00228,train,data/videos/front_view/Vincenzo Marino 6 at 32 off.mp4,228,0
Vincenzo_Marino_6_at_32_off_f00234,train,data/videos/front_view/Vincenzo Marino 6 at 32 off.mp4,234,0
Vincenzo_Marino_6_at_32_off_f00240,train,data/videos/front_view/Vincenzo Marino 6 at 32 off.mp4,240,0
Vincenzo_Marino_6_at_32_off_f00246,train,data/videos/front_view/Vincenzo Marino 6 at 32 off.mp4,246,0
Vincenzo_Marino_6_at_32_off_f00252,train,data/videos/front_view/Vincenzo Marino 6 at 32 off.mp4,252,0
Vincenzo_Marino_6_at_32_off_f00258,train,data/videos/front_view/Vincenzo Marino 6 at 32 off.mp4,258,0
Vincenzo_Marino_6_at_32_off_f00264,train,data/videos/front_view/Vincenzo Marino 6 at 32 off.mp4,264,0
Vincenzo_Marino_6_at_32_off_f00270,train,data/videos/front_view/Vincenzo Marino 6 at 32 off.mp4,270,0
Vincenzo_Marino_6_at_32_off_f00276,train,data/videos/front_view/Vincenzo Marino 6 at 32 off.mp4,276,0
Vincenzo_Marino_6_at_32_off_f00282,train,data/videos/front_view/Vincenzo Marino 6 at 32 off.mp4,282,1
Vincenzo_Marino_6_at_32_off_f00288,train,data/videos/front_view/Vincenzo Marino 6 at 32 off.mp4,288,0
Vincenzo_Marino_6_at_32_off_f00294,train,data/videos/front_view/Vincenzo Marino 6 at 32 off.mp4,294,0
Vincenzo_Marino_6_at_32_off_f00300,train,data/videos/front_view/Vincenzo Marino 6 at 32 off.mp4,300,1
Vincenzo_Marino_6_at_32_off_f00306,train,data/videos/front_view/Vincenzo Marino 6 at 32 off.mp4,306,0
Vincenzo_Marino_6_at_32_off_f00312,train,data/videos/front_view/Vincenzo Marino 6 at 32 off.mp4,312,0
Vincenzo_Marino_6_at_32_off_f00318,train,data/videos/front_view/Vincenzo Marino 6 at 32 off.mp4,318,2
Vincenzo_Marino_6_at_32_off_f00324,train,data/videos/front_view/Vincenzo Marino 6 at 32 off.mp4,324,1
Vincenzo_Marino_6_at_32_off_f00330,train,data/videos/front_view/Vincenzo Marino 6 at 32 off.mp4,330,2
Vincenzo_Marino_6_at_32_off_f00336,train,data/videos/front_view/Vincenzo Marino 6 at 32 off.mp4,336,2
Vincenzo_Marino_6_at_32_off_f00342,train,data/videos/front_view/Vincenzo Marino 6 at 32 off.mp4,342,2
Vincenzo_Marino_6_at_32_off_f00348,train,data/videos/front_view/Vincenzo Marino 6 at 32 off.mp4,348,2
Vincenzo_Marino_6_at_32_off_f00354,train,data/videos/front_view/Vincenzo Marino 6 at 32 off.mp4,354,2
Vincenzo_Marino_6_at_32_off_f00360,train,data/videos/front_view/Vincenzo Marino 6 at 32 off.mp4,360,0
Vincenzo_Marino_6_at_32_off_f00366,train,data/videos/front_view/Vincenzo Marino 6 at 32 off.mp4,366,0
Vincenzo_Marino_6_at_32_off_f00372,train,data/videos/front_view/Vincenzo Marino 6 at 32 off.mp4,372,0
Vincenzo_Marino_6_at_32_off_f00378,train,data/videos/front_view/Vincenzo Marino 6 at 32 off.mp4,378,0
Vincenzo_Marino_6_at_32_off_f00384,train,data/videos/front_view/Vincenzo Marino 6 at 32 off.mp4,384,0
Vincenzo_Marino_6_at_32_off_f00390,train,data/videos/front_view/Vincenzo Marino 6 at 32 off.mp4,390,1
Vincenzo_Marino_6_at_32_off_f00396,train,data/videos/front_view/Vincenzo Marino 6 at 32 off.mp4,396,2
Vincenzo_Marino_6_at_32_off_f00402,train,data/videos/front_view/Vincenzo Marino 6 at 32 off.mp4,402,2
Vincenzo_Marino_6_at_32_off_f00408,train,data/videos/front_view/Vincenzo Marino 6 at 32 off.mp4,408,2
Vincenzo_Marino_6_at_32_off_f00414,train,data/videos/front_view/Vincenzo Marino 6 at 32 off.mp4,414,2
Vincenzo_Marino_6_at_32_off_f00420,train,data/videos/front_view/Vincenzo Marino 6 at 32 off.mp4,420,0
Vincenzo_Marino_6_at_32_off_f00426,train,data/videos/front_view/Vincenzo Marino 6 at 32 off.mp4,426,0
Vincenzo_Marino_6_at_32_off_f00432,train,data/videos/front_view/Vincenzo Marino 6 at 32 off.mp4,432,0
Vincenzo_Marino_6_at_32_off_f00438,train,data/videos/front_view/Vincenzo Marino 6 at 32 off.mp4,438,1
Vincenzo_Marino_6_at_32_off_f00444,train,data/videos/front_view/Vincenzo Marino 6 at 32 off.mp4,444,0
Vincenzo_Marino_6_at_32_off_f00450,train,data/videos/front_view/Vincenzo Marino 6 at 32 off.mp4,450,0
Vincenzo_Marino_6_at_32_off_f00456,train,data/videos/front_view/Vincenzo Marino 6 at 32 off.mp4,456,0
Vincenzo_Marino_6_at_32_off_f00462,train,data/videos/front_view/Vincenzo Marino 6 at 32 off.mp4,462,0
Vincenzo_Marino_6_at_32_off_f00468,train,data/videos/front_view/Vincenzo Marino 6 at 32 off.mp4,468,2
Vincenzo_Marino_6_at_32_off_f00474,train,data/videos/front_view/Vincenzo Marino 6 at 32 off.mp4,474,2
Vincenzo_Marino_6_at_32_off_f00480,train,data/videos/front_view/Vincenzo Marino 6 at 32 off.mp4,480,2
Vincenzo_Marino_6_at_32_off_f00486,train,data/videos/front_view/Vincenzo Marino 6 at 32 off.mp4,486,1
Vincenzo_Marino_6_at_32_off_f00492,train,data/videos/front_view/Vincenzo Marino 6 at 32 off.mp4,492,0
Vincenzo_Marino_6_at_32_off_f00498,train,data/videos/front_view/Vincenzo Marino 6 at 32 off.mp4,498,0
Vincenzo_Marino_6_at_32_off_f00504,train,data/videos/front_view/Vincenzo Marino 6 at 32 off.mp4,504,0
Vincenzo_Marino_6_at_32_off_f00510,train,data/videos/front_view/Vincenzo Marino 6 at 32 off.mp4,510,0
Vincenzo_Marino_6_at_32_off_f00516,train,data/videos/front_view/Vincenzo Marino 6 at 32 off.mp4,516,0
Vincenzo_Marino_6_at_32_off_f00522,train,data/videos/front_view/Vincenzo Marino 6 at 32 off.mp4,522,0
Vincenzo_Marino_6_at_32_off_f00528,train,data/videos/front_view/Vincenzo Marino 6 at 32 off.mp4,528,0
Vincenzo_Marino_6_at_32_off_f00534,train,data/videos/front_view/Vincenzo Marino 6 at 32 off.mp4,534,1
Vincenzo_Marino_6_at_32_off_f00540,train,data/videos/front_view/Vincenzo Marino 6 at 32 off.mp4,540,1
Vincenzo_Marino_6_at_32_off_f00546,train,data/videos/front_view/Vincenzo Marino 6 at 32 off.mp4,546,3
Vincenzo_Marino_6_at_32_off_f00552,train,data/videos/front_view/Vincenzo Marino 6 at 32 off.mp4,552,2
Vincenzo_Marino_6_at_32_off_f00558,train,data/videos/front_view/Vincenzo Marino 6 at 32 off.mp4,558,2
Vincenzo_Marino_6_at_32_off_f00564,train,data/videos/front_view/Vincenzo Marino 6 at 32 off.mp4,564,1
Vincenzo_Marino_6_at_32_off_f00570,train,data/videos/front_view/Vincenzo Marino 6 at 32 off.mp4,570,0
Vincenzo_Marino_6_at_32_off_f00576,train,data/videos/front_view/Vincenzo Marino 6 at 32 off.mp4,576,0
Vincenzo_Marino_6_at_32_off_f00582,train,data/videos/front_view/Vincenzo Marino 6 at 32 off.mp4,582,0
Vincenzo_Marino_6_at_32_off_f00588,train,data/videos/front_view/Vincenzo Marino 6 at 32 off.mp4,588,1
Vincenzo_Marino_6_at_32_off_f00594,train,data/videos/front_view/Vincenzo Marino 6 at 32 off.mp4,594,0
Vincenzo_Marino_6_at_32_off_f00600,train,data/videos/front_view/Vincenzo Marino 6 at 32 off.mp4,600,1
Vincenzo_Marino_6_at_32_off_f00606,train,data/videos/front_view/Vincenzo Marino 6 at 32 off.mp4,606,0
Vincenzo_Marino_6_at_32_off_f00612,train,data/videos/front_view/Vincenzo Marino 6 at 32 off.mp4,612,0
Vincenzo_Marino_6_at_32_off_f00618,train,data/videos/front_view/Vincenzo Marino 6 at 32 off.mp4,618,1
Vincenzo_Marino_6_at_32_off_f00624,train,data/videos/front_view/Vincenzo Marino 6 at 32 off.mp4,624,2
Vincenzo_Marino_6_at_32_off_f00630,train,data/videos/front_view/Vincenzo Marino 6 at 32 off.mp4,630,1
Vincenzo_Marino_6_at_32_off_f00636,train,data/videos/front_view/Vincenzo Marino 6 at 32 off.mp4,636,1
Vincenzo_Marino_6_at_32_off_f00642,train,data/videos/front_view/Vincenzo Marino 6 at 32 off.mp4,642,0
Vincenzo_Marino_6_at_32_off_f00648,train,data/videos/front_view/Vincenzo Marino 6 at 32 off.mp4,648,0
Vincenzo_Marino_6_at_32_off_f00654,train,data/videos/front_view/Vincenzo Marino 6 at 32 off.mp4,654,0
Vincenzo_Marino_6_at_32_off_f00660,train,data/videos/front_view/Vincenzo Marino 6 at 32 off.mp4,660,1
Vincenzo_Marino_6_at_32_off_f00666,train,data/videos/front_view/Vincenzo Marino 6 at 32 off.mp4,666,0
Vincenzo_Marino_6_at_32_off_f00672,train,data/videos/front_view/Vincenzo Marino 6 at 32 off.mp4,672,0
Vincenzo_Marino_6_at_32_off_f00678,train,data/videos/front_view/Vincenzo Marino 6 at 32 off.mp4,678,1
Vincenzo_Marino_6_at_32_off_f00684,train,data/videos/front_view/Vincenzo Marino 6 at 32 off.mp4,684,1
Vincenzo_Marino_6_at_32_off_f00690,train,data/videos/front_view/Vincenzo Marino 6 at 32 off.mp4,690,1
Vincenzo_Marino_6_at_32_off_f00696,train,data/videos/front_view/Vincenzo Marino 6 at 32 off.mp4,696,4
Vincenzo_Marino_6_at_32_off_f00702,train,data/videos/front_view/Vincenzo Marino 6 at 32 off.mp4,702,3
Vincenzo_Marino_6_at_32_off_f00708,train,data/videos/front_view/Vincenzo Marino 6 at 32 off.mp4,708,2
Vincenzo_Marino_6_at_32_off_f00714,train,data/videos/front_view/Vincenzo Marino 6 at 32 off.mp4,714,1
Vincenzo_Marino_6_at_32_off_f00720,train,data/videos/front_view/Vincenzo Marino 6 at 32 off.mp4,720,0
Vincenzo_Marino_6_at_32_off_f00726,train,data/videos/front_view/Vincenzo Marino 6 at 32 off.mp4,726,1
Vincenzo_Marino_6_at_32_off_f00732,train,data/videos/front_view/Vincenzo Marino 6 at 32 off.mp4,732,1
Vincenzo_Marino_6_at_32_off_f00738,train,data/videos/front_view/Vincenzo Marino 6 at 32 off.mp4,738,0
Vincenzo_Marino_6_at_32_off_f00744,train,data/videos/front_view/Vincenzo Marino 6 at 32 off.mp4,744,0
Vincenzo_Marino_6_at_32_off_f00750,train,data/videos/front_view/Vincenzo Marino 6 at 32 off.mp4,750,0
Vincenzo_Marino_6_at_32_off_f00756,train,data/videos/front_view/Vincenzo Marino 6 at 32 off.mp4,756,0
Vincenzo_Marino_6_at_32_off_f00762,train,data/videos/front_view/Vincenzo Marino 6 at 32 off.mp4,762,0
Vincenzo_Marino_6_at_32_off_f00768,train,data/videos/front_view/Vincenzo Marino 6 at 32 off.mp4,768,5
Vincenzo_Marino_6_at_32_off_f00774,train,data/videos/front_view/Vincenzo Marino 6 at 32 off.mp4,774,7
Vincenzo_Marino_6_at_32_off_f00780,train,data/videos/front_view/Vincenzo Marino 6 at 32 off.mp4,780,5
Vincenzo_Marino_6_at_35_off_f00000,val,data/videos/front_view/Vincenzo Marino 6 at 35 off.mp4,0,0
Vincenzo_Marino_6_at_35_off_f00006,val,data/videos/front_view/Vincenzo Marino 6 at 35 off.mp4,6,0
Vincenzo_Marino_6_at_35_off_f00012,val,data/videos/front_view/Vincenzo Marino 6 at 35 off.mp4,12,0
Vincenzo_Marino_6_at_35_off_f00018,val,data/videos/front_view/Vincenzo Marino 6 at 35 off.mp4,18,0
Vincenzo_Marino_6_at_35_off_f00024,val,data/videos/front_view/Vincenzo Marino 6 at 35 off.mp4,24,0
Vincenzo_Marino_6_at_35_off_f00030,val,data/videos/front_view/Vincenzo Marino 6 at 35 off.mp4,30,0
Vincenzo_Marino_6_at_35_off_f00036,val,data/videos/front_view/Vincenzo Marino 6 at 35 off.mp4,36,0
Vincenzo_Marino_6_at_35_off_f00042,val,data/videos/front_view/Vincenzo Marino 6 at 35 off.mp4,42,1
Vincenzo_Marino_6_at_35_off_f00048,val,data/videos/front_view/Vincenzo Marino 6 at 35 off.mp4,48,1
Vincenzo_Marino_6_at_35_off_f00054,val,data/videos/front_view/Vincenzo Marino 6 at 35 off.mp4,54,0
Vincenzo_Marino_6_at_35_off_f00060,val,data/videos/front_view/Vincenzo Marino 6 at 35 off.mp4,60,0
Vincenzo_Marino_6_at_35_off_f00066,val,data/videos/front_view/Vincenzo Marino 6 at 35 off.mp4,66,0
Vincenzo_Marino_6_at_35_off_f00072,val,data/videos/front_view/Vincenzo Marino 6 at 35 off.mp4,72,0
Vincenzo_Marino_6_at_35_off_f00078,val,data/videos/front_view/Vincenzo Marino 6 at 35 off.mp4,78,0
Vincenzo_Marino_6_at_35_off_f00084,val,data/videos/front_view/Vincenzo Marino 6 at 35 off.mp4,84,0
Vincenzo_Marino_6_at_35_off_f00090,val,data/videos/front_view/Vincenzo Marino 6 at 35 off.mp4,90,0
Vincenzo_Marino_6_at_35_off_f00096,val,data/videos/front_view/Vincenzo Marino 6 at 35 off.mp4,96,0
Vincenzo_Marino_6_at_35_off_f00102,val,data/videos/front_view/Vincenzo Marino 6 at 35 off.mp4,102,0
Vincenzo_Marino_6_at_35_off_f00108,val,data/videos/front_view/Vincenzo Marino 6 at 35 off.mp4,108,0
Vincenzo_Marino_6_at_35_off_f00114,val,data/videos/front_view/Vincenzo Marino 6 at 35 off.mp4,114,0
Vincenzo_Marino_6_at_35_off_f00120,val,data/videos/front_view/Vincenzo Marino 6 at 35 off.mp4,120,0
Vincenzo_Marino_6_at_35_off_f00126,val,data/videos/front_view/Vincenzo Marino 6 at 35 off.mp4,126,0
Vincenzo_Marino_6_at_35_off_f00132,val,data/videos/front_view/Vincenzo Marino 6 at 35 off.mp4,132,0
Vincenzo_Marino_6_at_35_off_f00138,val,data/videos/front_view/Vincenzo Marino 6 at 35 off.mp4,138,0
Vincenzo_Marino_6_at_35_off_f00144,val,data/videos/front_view/Vincenzo Marino 6 at 35 off.mp4,144,0
Vincenzo_Marino_6_at_35_off_f00150,val,data/videos/front_view/Vincenzo Marino 6 at 35 off.mp4,150,0
Vincenzo_Marino_6_at_35_off_f00156,val,data/videos/front_view/Vincenzo Marino 6 at 35 off.mp4,156,0
Vincenzo_Marino_6_at_35_off_f00162,val,data/videos/front_view/Vincenzo Marino 6 at 35 off.mp4,162,0
Vincenzo_Marino_6_at_35_off_f00168,val,data/videos/front_view/Vincenzo Marino 6 at 35 off.mp4,168,0
Vincenzo_Marino_6_at_35_off_f00174,val,data/videos/front_view/Vincenzo Marino 6 at 35 off.mp4,174,0
Vincenzo_Marino_6_at_35_off_f00180,val,data/videos/front_view/Vincenzo Marino 6 at 35 off.mp4,180,0
Vincenzo_Marino_6_at_35_off_f00186,val,data/videos/front_view/Vincenzo Marino 6 at 35 off.mp4,186,0
Vincenzo_Marino_6_at_35_off_f00192,val,data/videos/front_view/Vincenzo Marino 6 at 35 off.mp4,192,0
Vincenzo_Marino_6_at_35_off_f00198,val,data/videos/front_view/Vincenzo Marino 6 at 35 off.mp4,198,0
Vincenzo_Marino_6_at_35_off_f00204,val,data/videos/front_view/Vincenzo Marino 6 at 35 off.mp4,204,0
Vincenzo_Marino_6_at_35_off_f00210,val,data/videos/front_view/Vincenzo Marino 6 at 35 off.mp4,210,0
Vincenzo_Marino_6_at_35_off_f00216,val,data/videos/front_view/Vincenzo Marino 6 at 35 off.mp4,216,0
Vincenzo_Marino_6_at_35_off_f00222,val,data/videos/front_view/Vincenzo Marino 6 at 35 off.mp4,222,0
Vincenzo_Marino_6_at_35_off_f00228,val,data/videos/front_view/Vincenzo Marino 6 at 35 off.mp4,228,0
Vincenzo_Marino_6_at_35_off_f00234,val,data/videos/front_view/Vincenzo Marino 6 at 35 off.mp4,234,0
Vincenzo_Marino_6_at_35_off_f00240,val,data/videos/front_view/Vincenzo Marino 6 at 35 off.mp4,240,0
Vincenzo_Marino_6_at_35_off_f00246,val,data/videos/front_view/Vincenzo Marino 6 at 35 off.mp4,246,1
Vincenzo_Marino_6_at_35_off_f00252,val,data/videos/front_view/Vincenzo Marino 6 at 35 off.mp4,252,1
Vincenzo_Marino_6_at_35_off_f00258,val,data/videos/front_view/Vincenzo Marino 6 at 35 off.mp4,258,1
Vincenzo_Marino_6_at_35_off_f00264,val,data/videos/front_view/Vincenzo Marino 6 at 35 off.mp4,264,0
Vincenzo_Marino_6_at_35_off_f00270,val,data/videos/front_view/Vincenzo Marino 6 at 35 off.mp4,270,0
Vincenzo_Marino_6_at_35_off_f00276,val,data/videos/front_view/Vincenzo Marino 6 at 35 off.mp4,276,0
Vincenzo_Marino_6_at_35_off_f00282,val,data/videos/front_view/Vincenzo Marino 6 at 35 off.mp4,282,0
Vincenzo_Marino_6_at_35_off_f00288,val,data/videos/front_view/Vincenzo Marino 6 at 35 off.mp4,288,0
Vincenzo_Marino_6_at_35_off_f00294,val,data/videos/front_view/Vincenzo Marino 6 at 35 off.mp4,294,0
Vincenzo_Marino_6_at_35_off_f00300,val,data/videos/front_view/Vincenzo Marino 6 at 35 off.mp4,300,0
Vincenzo_Marino_6_at_35_off_f00306,val,data/videos/front_view/Vincenzo Marino 6 at 35 off.mp4,306,0
Vincenzo_Marino_6_at_35_off_f00312,val,data/videos/front_view/Vincenzo Marino 6 at 35 off.mp4,312,0
Vincenzo_Marino_6_at_35_off_f00318,val,data/videos/front_view/Vincenzo Marino 6 at 35 off.mp4,318,0
Vincenzo_Marino_6_at_35_off_f00324,val,data/videos/front_view/Vincenzo Marino 6 at 35 off.mp4,324,0
Vincenzo_Marino_6_at_35_off_f00330,val,data/videos/front_view/Vincenzo Marino 6 at 35 off.mp4,330,0
Vincenzo_Marino_6_at_35_off_f00336,val,data/videos/front_view/Vincenzo Marino 6 at 35 off.mp4,336,0
Vincenzo_Marino_6_at_35_off_f00342,val,data/videos/front_view/Vincenzo Marino 6 at 35 off.mp4,342,0
Vincenzo_Marino_6_at_35_off_f00348,val,data/videos/front_view/Vincenzo Marino 6 at 35 off.mp4,348,0
Vincenzo_Marino_6_at_35_off_f00354,val,data/videos/front_view/Vincenzo Marino 6 at 35 off.mp4,354,0
Vincenzo_Marino_6_at_35_off_f00360,val,data/videos/front_view/Vincenzo Marino 6 at 35 off.mp4,360,0
Vincenzo_Marino_6_at_35_off_f00366,val,data/videos/front_view/Vincenzo Marino 6 at 35 off.mp4,366,0
Vincenzo_Marino_6_at_35_off_f00372,val,data/videos/front_view/Vincenzo Marino 6 at 35 off.mp4,372,0
Vincenzo_Marino_6_at_35_off_f00378,val,data/videos/front_view/Vincenzo Marino 6 at 35 off.mp4,378,0
Vincenzo_Marino_6_at_35_off_f00384,val,data/videos/front_view/Vincenzo Marino 6 at 35 off.mp4,384,0
Vincenzo_Marino_6_at_35_off_f00390,val,data/videos/front_view/Vincenzo Marino 6 at 35 off.mp4,390,0
Vincenzo_Marino_6_at_35_off_f00396,val,data/videos/front_view/Vincenzo Marino 6 at 35 off.mp4,396,0
Vincenzo_Marino_6_at_35_off_f00402,val,data/videos/front_view/Vincenzo Marino 6 at 35 off.mp4,402,0
Vincenzo_Marino_6_at_35_off_f00408,val,data/videos/front_view/Vincenzo Marino 6 at 35 off.mp4,408,0
Vincenzo_Marino_6_at_35_off_f00414,val,data/videos/front_view/Vincenzo Marino 6 at 35 off.mp4,414,0
Vincenzo_Marino_6_at_35_off_f00420,val,data/videos/front_view/Vincenzo Marino 6 at 35 off.mp4,420,0
Vincenzo_Marino_6_at_35_off_f00426,val,data/videos/front_view/Vincenzo Marino 6 at 35 off.mp4,426,0
Vincenzo_Marino_6_at_35_off_f00432,val,data/videos/front_view/Vincenzo Marino 6 at 35 off.mp4,432,0
Vincenzo_Marino_6_at_35_off_f00438,val,data/videos/front_view/Vincenzo Marino 6 at 35 off.mp4,438,0
Vincenzo_Marino_6_at_35_off_f00444,val,data/videos/front_view/Vincenzo Marino 6 at 35 off.mp4,444,0
Vincenzo_Marino_6_at_35_off_f00450,val,data/videos/front_view/Vincenzo Marino 6 at 35 off.mp4,450,0
Vincenzo_Marino_6_at_35_off_f00456,val,data/videos/front_view/Vincenzo Marino 6 at 35 off.mp4,456,0
Vincenzo_Marino_6_at_35_off_f00462,val,data/videos/front_view/Vincenzo Marino 6 at 35 off.mp4,462,0
Vincenzo_Marino_6_at_35_off_f00468,val,data/videos/front_view/Vincenzo Marino 6 at 35 off.mp4,468,0
Vincenzo_Marino_6_at_35_off_f00474,val,data/videos/front_view/Vincenzo Marino 6 at 35 off.mp4,474,0
Vincenzo_Marino_6_at_35_off_f00480,val,data/videos/front_view/Vincenzo Marino 6 at 35 off.mp4,480,0
Vincenzo_Marino_6_at_35_off_f00486,val,data/videos/front_view/Vincenzo Marino 6 at 35 off.mp4,486,0
Vincenzo_Marino_6_at_35_off_f00492,val,data/videos/front_view/Vincenzo Marino 6 at 35 off.mp4,492,0
Vincenzo_Marino_6_at_35_off_f00498,val,data/videos/front_view/Vincenzo Marino 6 at 35 off.mp4,498,0
Vincenzo_Marino_6_at_35_off_f00504,val,data/videos/front_view/Vincenzo Marino 6 at 35 off.mp4,504,0
Vincenzo_Marino_6_at_35_off_f00510,val,data/videos/front_view/Vincenzo Marino 6 at 35 off.mp4,510,0
Vincenzo_Marino_6_at_35_off_f00516,val,data/videos/front_view/Vincenzo Marino 6 at 35 off.mp4,516,0
Vincenzo_Marino_6_at_35_off_f00522,val,data/videos/front_view/Vincenzo Marino 6 at 35 off.mp4,522,0
Vincenzo_Marino_6_at_35_off_f00528,val,data/videos/front_view/Vincenzo Marino 6 at 35 off.mp4,528,0
Vincenzo_Marino_6_at_35_off_f00534,val,data/videos/front_view/Vincenzo Marino 6 at 35 off.mp4,534,0
Vincenzo_Marino_6_at_35_off_f00540,val,data/videos/front_view/Vincenzo Marino 6 at 35 off.mp4,540,0
Vincenzo_Marino_6_at_35_off_f00546,val,data/videos/front_view/Vincenzo Marino 6 at 35 off.mp4,546,0
Vincenzo_Marino_6_at_35_off_f00552,val,data/videos/front_view/Vincenzo Marino 6 at 35 off.mp4,552,0
Vincenzo_Marino_6_at_35_off_f00558,val,data/videos/front_view/Vincenzo Marino 6 at 35 off.mp4,558,0
Vincenzo_Marino_6_at_35_off_f00564,val,data/videos/front_view/Vincenzo Marino 6 at 35 off.mp4,564,0
Vincenzo_Marino_6_at_35_off_f00570,val,data/videos/front_view/Vincenzo Marino 6 at 35 off.mp4,570,0
Vincenzo_Marino_6_at_35_off_f00576,val,data/videos/front_view/Vincenzo Marino 6 at 35 off.mp4,576,0
Vincenzo_Marino_6_at_35_off_f00582,val,data/videos/front_view/Vincenzo Marino 6 at 35 off.mp4,582,0
Vincenzo_Marino_6_at_35_off_f00588,val,data/videos/front_view/Vincenzo Marino 6 at 35 off.mp4,588,0
Vincenzo_Marino_6_at_35_off_f00594,val,data/videos/front_view/Vincenzo Marino 6 at 35 off.mp4,594,0
Vincenzo_Marino_6_at_35_off_f00600,val,data/videos/front_view/Vincenzo Marino 6 at 35 off.mp4,600,0
Vincenzo_Marino_6_at_35_off_f00606,val,data/videos/front_view/Vincenzo Marino 6 at 35 off.mp4,606,0
Vincenzo_Marino_6_at_35_off_f00612,val,data/videos/front_view/Vincenzo Marino 6 at 35 off.mp4,612,0
Vincenzo_Marino_6_at_35_off_f00618,val,data/videos/front_view/Vincenzo Marino 6 at 35 off.mp4,618,0
Vincenzo_Marino_6_at_35_off_f00624,val,data/videos/front_view/Vincenzo Marino 6 at 35 off.mp4,624,0
Vincenzo_Marino_6_at_35_off_f00630,val,data/videos/front_view/Vincenzo Marino 6 at 35 off.mp4,630,0
Vincenzo_Marino_6_at_35_off_f00636,val,data/videos/front_view/Vincenzo Marino 6 at 35 off.mp4,636,0
Vincenzo_Marino_6_at_35_off_f00642,val,data/videos/front_view/Vincenzo Marino 6 at 35 off.mp4,642,0
Vincenzo_Marino_6_at_35_off_f00648,val,data/videos/front_view/Vincenzo Marino 6 at 35 off.mp4,648,0
Vincenzo_Marino_6_at_35_off_f00654,val,data/videos/front_view/Vincenzo Marino 6 at 35 off.mp4,654,0
Vincenzo_Marino_6_at_35_off_f00660,val,data/videos/front_view/Vincenzo Marino 6 at 35 off.mp4,660,0
Vincenzo_Marino_6_at_35_off_f00666,val,data/videos/front_view/Vincenzo Marino 6 at 35 off.mp4,666,0
Vincenzo_Marino_6_at_35_off_f00672,val,data/videos/front_view/Vincenzo Marino 6 at 35 off.mp4,672,0
Vincenzo_Marino_6_at_35_off_f00678,val,data/videos/front_view/Vincenzo Marino 6 at 35 off.mp4,678,0
Vincenzo_Marino_6_at_35_off_f00684,val,data/videos/front_view/Vincenzo Marino 6 at 35 off.mp4,684,0
Vincenzo_Marino_6_at_35_off_f00690,val,data/videos/front_view/Vincenzo Marino 6 at 35 off.mp4,690,0
Vincenzo_Marino_6_at_35_off_f00696,val,data/videos/front_view/Vincenzo Marino 6 at 35 off.mp4,696,1
Vincenzo_Marino_6_at_35_off_f00702,val,data/videos/front_view/Vincenzo Marino 6 at 35 off.mp4,702,0
Vincenzo_Marino_6_at_35_off_f00708,val,data/videos/front_view/Vincenzo Marino 6 at 35 off.mp4,708,0
Vincenzo_Marino_6_at_35_off_f00714,val,data/videos/front_view/Vincenzo Marino 6 at 35 off.mp4,714,0
Vincenzo_Marino_6_at_35_off_f00720,val,data/videos/front_view/Vincenzo Marino 6 at 35 off.mp4,720,0
Vincenzo_Marino_6_at_35_off_f00726,val,data/videos/front_view/Vincenzo Marino 6 at 35 off.mp4,726,0
Vincenzo_Marino_6_at_35_off_f00732,val,data/videos/front_view/Vincenzo Marino 6 at 35 off.mp4,732,0
